88089cb6e3fffff,1.0
88089cb6d5fffff,8.0
88089cb6c7fffff,1.0
88089cb6c3fffff,27.0
88089cb6bdfffff,17.0
88089cb6b9fffff,2.0
88089cb6b1fffff,9.0
88089cb6adfffff,9.0
88089cb6abfffff,15.0
88089cb6a9fffff,15.0
88089cb6a5fffff,8.0
88089cb6a1fffff,4.0
88089cb68dfffff,5.0
88089cb68bfffff,53.0
88089cb689fffff,31.0
88089cb687fffff,2.0
88089cb685fffff,6.0
88089cb683fffff,8.0
88089cb681fffff,15.0
88089cb657fffff,4.0
88089cb63dfffff,3.0
88089cb63bfffff,27.0
88089cb639fffff,28.0
88089cb635fffff,3.0
88089cb631fffff,54.0
88089cb623fffff,4.0
88089cb61dfffff,1.0
88089cb61bfffff,20.0
88089cb619fffff,17.0
88089cb617fffff,25.0
88089cb615fffff,2.0
88089cb611fffff,11.0
88089cb60bfffff,2.0
88089cb607fffff,2.0
88089cb603fffff,1.0
88089cb601fffff,1.0
880883d6d7fffff,2.0
880883d6d3fffff,11.0
880883d6bdfffff,1.0
880883d6b9fffff,1.0
880883d6b7fffff,3.0
880883d6b5fffff,1.0
880883d69dfffff,1.0
880883d699fffff,2.0
880883d687fffff,1.0
880883d683fffff,1.0
880883d4d9fffff,15.0
880883ced7fffff,13.0
880883ced3fffff,9.0
880883ce8bfffff,8.0
880883ce89fffff,2.0
880883cdbbfffff,4.0
880883cdb3fffff,2.0
880883ccdbfffff,2.0
880883ccd7fffff,8.0
880883ccd5fffff,5.0
880883ccd1fffff,3.0
880883ccbdfffff,2.0
880883ccbbfffff,24.0
880883ccb9fffff,1.0
880883ccb7fffff,3.0
880883ccb5fffff,2.0
880883ccb3fffff,1.0
880883ccb1fffff,14.0
880883cc9dfffff,19.0
880883cc9bfffff,11.0
880883cc97fffff,23.0
880883cc95fffff,4.0
880883cc93fffff,13.0
880883cc91fffff,20.0
880883cc8bfffff,19.0
880883cc83fffff,7.0
880883c71bfffff,9.0
880883c719fffff,3.0
880883c713fffff,5.0
880883c711fffff,5.0
880883c6ebfffff,1.0
880883c6e7fffff,4.0
880883c6e5fffff,1.0
880883c6e3fffff,91.0
880883c6d9fffff,64.0
880883c6d7fffff,101.0
880883c6cdfffff,3.0
880883c6cbfffff,1.0
880883c6c9fffff,65.0
880883c6c7fffff,17.0
880883c6c3fffff,5.0
880883c6c1fffff,95.0
880883c6bdfffff,42.0
880883c6bbfffff,3.0
880883c6b9fffff,92.0
880883c6b7fffff,42.0
880883c6b5fffff,22.0
880883c6b3fffff,3.0
880883c6b1fffff,6.0
880883c6adfffff,25.0
880883c6a7fffff,16.0
880883c6a5fffff,14.0
880883c6a3fffff,2.0
880883c6a1fffff,9.0
880883c69dfffff,37.0
880883c699fffff,1.0
880883c697fffff,1.0
880883c695fffff,4.0
880883c693fffff,1.0
880883c68dfffff,86.0
880883c689fffff,7.0
880883c687fffff,1.0
880883c685fffff,2.0
880883c681fffff,4.0
880883c657fffff,2.0
880883c653fffff,14.0
880883c63dfffff,1.0
880883c637fffff,1.0
880883c635fffff,4.0
880883c631fffff,1.0
880883c627fffff,2.0
880883c625fffff,5.0
880883c623fffff,12.0
880883c61bfffff,2.0
880883c613fffff,21.0
880883c611fffff,1.0
880883c60bfffff,5.0
880883c607fffff,1.0
880883c605fffff,1.0
880883c603fffff,1.0
880883c601fffff,2.0
880883c5ddfffff,35.0
880883c5dbfffff,31.0
880883c5d9fffff,5.0
880883c5d7fffff,810.0
880883c5d5fffff,119.0
880883c5d3fffff,711.0
880883c5d1fffff,256.0
880883c5bbfffff,14.0
880883c5b3fffff,32.0
880883c5b1fffff,30.0
880883c5adfffff,279.0
880883c5a9fffff,439.0
880883c59dfffff,269.0
880883c59bfffff,400.0
880883c599fffff,143.0
880883c597fffff,2.0
880883c593fffff,138.0
880883c591fffff,11.0
880883c58dfffff,187.0
880883c58bfffff,1919.0
880883c589fffff,266.0
880883c587fffff,83.0
880883c585fffff,330.0
880883c583fffff,101.0
880883c581fffff,1340.0
880883c4edfffff,23.0
880883c4ebfffff,13.0
880883c4e9fffff,8.0
880883c4e7fffff,110.0
880883c4e3fffff,23.0
880883c4e1fffff,5.0
880883c4dbfffff,17.0
880883c4d9fffff,8.0
880883c4d5fffff,1.0
880883c4d3fffff,12.0
880883c4cdfffff,3.0
880883c4cbfffff,9.0
880883c4c9fffff,9.0
880883c4c7fffff,7.0
880883c4c5fffff,1.0
880883c4c3fffff,3.0
880883c4c1fffff,1.0
880883c4bdfffff,78.0
880883c4bbfffff,111.0
880883c4b9fffff,19.0
880883c4b7fffff,25.0
880883c4b3fffff,20.0
880883c4adfffff,288.0
880883c4abfffff,206.0
880883c4a9fffff,75.0
880883c4a7fffff,471.0
880883c4a5fffff,857.0
880883c4a3fffff,114.0
880883c4a1fffff,443.0
880883c49bfffff,38.0
880883c499fffff,30.0
880883c497fffff,142.0
880883c495fffff,63.0
880883c493fffff,164.0
880883c491fffff,107.0
880883c48dfffff,12.0
880883c48bfffff,27.0
880883c487fffff,11.0
880883c485fffff,94.0
880883c483fffff,17.0
880883c481fffff,29.0
880883c46bfffff,9.0
880883c467fffff,9.0
880883c463fffff,5.0
880883c45dfffff,4.0
880883c45bfffff,45.0
880883c459fffff,2.0
880883c457fffff,9.0
880883c455fffff,9.0
880883c453fffff,74.0
880883c451fffff,16.0
880883c44dfffff,23.0
880883c44bfffff,1.0
880883c449fffff,2.0
880883c447fffff,2.0
880883c445fffff,10.0
880883c443fffff,8.0
880883c441fffff,13.0
880883c43dfffff,9.0
880883c43bfffff,10.0
880883c439fffff,6.0
880883c437fffff,9.0
880883c435fffff,4.0
880883c433fffff,18.0
880883c431fffff,5.0
880883c42dfffff,1.0
880883c42bfffff,1.0
880883c423fffff,6.0
880883c421fffff,2.0
880883c41dfffff,3.0
880883c41bfffff,6.0
880883c419fffff,5.0
880883c417fffff,5.0
880883c415fffff,7.0
880883c413fffff,4.0
880883c411fffff,3.0
880883c40dfffff,5.0
880883c40bfffff,3.0
880883c409fffff,9.0
880883c407fffff,15.0
880883c405fffff,3.0
880883c403fffff,6.0
880883c401fffff,9.0
880883bb6dfffff,6.0
880883bb6bfffff,1.0
880883bb69fffff,7.0
880883bb67fffff,14.0
880883bb65fffff,7.0
880883bb61fffff,27.0
880883bb55fffff,1.0
880883bb4dfffff,1.0
880883bb4bfffff,1.0
880883bb45fffff,1.0
880883bb41fffff,1.0
880883bb29fffff,1.0
880883bb09fffff,1.0
880883b96dfffff,5.0
880883b925fffff,2.0
88088399bbfffff,1.0
88088399b7fffff,7.0
88088399b5fffff,3.0
88088399b1fffff,1.0
88088399adfffff,8.0
88088399abfffff,3.0
88088399a9fffff,4.0
88088399a5fffff,12.0
88088399a3fffff,2.0
88088399a1fffff,3.0
8808839997fffff,24.0
8808839993fffff,11.0
8808838f65fffff,1.0
8808838f63fffff,1.0
8808838f3dfffff,1.0
8808838f39fffff,2.0
8808838f2dfffff,6.0
8808838f2bfffff,5.0
8808838f29fffff,5.0
8808838f21fffff,4.0
8808838f1dfffff,4.0
8808838f15fffff,1.0
8808838f07fffff,2.0
8808838eebfffff,6.0
8808838ed7fffff,28.0
8808838ed3fffff,12.0
8808838ec7fffff,13.0
8808838ec5fffff,2.0
8808838ebdfffff,5.0
8808838eb9fffff,9.0
8808838eb3fffff,1.0
8808838eadfffff,7.0
8808838eabfffff,11.0
8808838ea9fffff,8.0
8808838ea5fffff,8.0
8808838ea3fffff,9.0
8808838ea1fffff,10.0
8808838e9dfffff,8.0
8808838e9bfffff,10.0
8808838e99fffff,1.0
8808838e97fffff,25.0
8808838e95fffff,47.0
8808838e93fffff,3.0
8808838e91fffff,20.0
8808838e8dfffff,1.0
8808838e8bfffff,15.0
8808838e89fffff,2.0
8808838e87fffff,10.0
8808838e85fffff,1.0
8808838e83fffff,1.0
8808838e81fffff,4.0
8808838de3fffff,2.0
8808838ddbfffff,21.0
8808838dd7fffff,10.0
8808838dd5fffff,6.0
8808838dd3fffff,9.0
8808838dd1fffff,3.0
8808838dcdfffff,13.0
8808838dbdfffff,24.0
8808838dbbfffff,55.0
8808838db9fffff,83.0
8808838db7fffff,38.0
8808838db5fffff,24.0
8808838db3fffff,81.0
8808838db1fffff,25.0
8808838dadfffff,6.0
8808838dabfffff,12.0
8808838da9fffff,1.0
8808838da7fffff,5.0
8808838da5fffff,4.0
8808838da3fffff,15.0
8808838da1fffff,8.0
8808838d9bfffff,1.0
8808838d99fffff,5.0
8808838d97fffff,11.0
8808838d95fffff,5.0
8808838d91fffff,1.0
8808838d8bfffff,14.0
8808838d87fffff,4.0
8808838d85fffff,6.0
8808838d83fffff,2.0
8808838d81fffff,8.0
8808838d3dfffff,14.0
8808838d3bfffff,9.0
8808838d37fffff,11.0
8808838d35fffff,4.0
8808838d31fffff,21.0
8808838d25fffff,20.0
8808838d23fffff,6.0
8808838d17fffff,5.0
8808838d13fffff,1.0
8808838ce7fffff,17.0
8808838ce3fffff,3.0
8808838ce1fffff,6.0
8808838cddfffff,4.0
8808838cdbfffff,17.0
8808838cd9fffff,1.0
8808838cd7fffff,1.0
8808838cd5fffff,1.0
8808838cd3fffff,9.0
8808838cd1fffff,4.0
8808838ccbfffff,12.0
8808838cc9fffff,2.0
8808838cc7fffff,1.0
8808838cc3fffff,3.0
8808838cc1fffff,1.0
8808838cbdfffff,22.0
8808838cb9fffff,4.0
8808838cb7fffff,1.0
8808838cb5fffff,19.0
8808838cb3fffff,15.0
8808838cb1fffff,3.0
8808838cadfffff,12.0
8808838cabfffff,14.0
8808838ca9fffff,8.0
8808838ca7fffff,7.0
8808838ca5fffff,23.0
8808838ca3fffff,6.0
8808838ca1fffff,46.0
8808838c95fffff,4.0
8808838c8bfffff,1.0
8808838c89fffff,1.0
8808838c87fffff,1.0
8808838c85fffff,39.0
8808838c83fffff,3.0
8808838c81fffff,1.0
8808838c53fffff,1.0
8808838c1dfffff,1.0
8808838c1bfffff,2.0
8808838c19fffff,9.0
8808838c15fffff,4.0
8808838c13fffff,3.0
8808838c11fffff,2.0
8808838c07fffff,27.0
8808838c03fffff,3.0
8808838b6bfffff,8.0
8808838b65fffff,2.0
8808838b61fffff,6.0
8808838b5dfffff,14.0
8808838b5bfffff,2.0
8808838b55fffff,15.0
8808838b53fffff,6.0
8808838b51fffff,2.0
8808838b4bfffff,2.0
8808838b47fffff,4.0
8808838b43fffff,18.0
8808838b41fffff,6.0
8808838b3dfffff,1.0
8808838b3bfffff,1.0
8808838b39fffff,5.0
8808838b37fffff,7.0
8808838b35fffff,1.0
8808838b33fffff,12.0
8808838b31fffff,11.0
8808838b23fffff,1.0
8808838b1dfffff,7.0
8808838b1bfffff,4.0
8808838b19fffff,6.0
8808838b17fffff,1.0
8808838b15fffff,1.0
8808838b11fffff,1.0
8808838b0dfffff,19.0
8808838b09fffff,22.0
8808838b07fffff,1.0
8808838ae7fffff,2.0
8808838ae3fffff,1.0
8808838ad5fffff,1.0
8808838abdfffff,6.0
8808838abbfffff,12.0
8808838ab7fffff,11.0
8808838ab5fffff,2.0
8808838ab3fffff,3.0
8808838ab1fffff,7.0
8808838aa9fffff,1.0
8808838aa7fffff,6.0
8808838aa3fffff,4.0
8808838a8dfffff,5.0
8808838a8bfffff,2.0
8808838a89fffff,1.0
8808838a87fffff,2.0
8808838a81fffff,4.0
8808838a6dfffff,9.0
8808838a6bfffff,65.0
8808838a69fffff,16.0
8808838a67fffff,3.0
8808838a65fffff,18.0
8808838a63fffff,3.0
8808838a61fffff,2.0
8808838a55fffff,11.0
8808838a53fffff,1.0
8808838a4dfffff,45.0
8808838a4bfffff,76.0
8808838a47fffff,91.0
8808838a45fffff,76.0
8808838a43fffff,8.0
8808838a41fffff,52.0
8808838a3dfffff,2.0
8808838a35fffff,2.0
8808838a2dfffff,4.0
8808838a2bfffff,18.0
8808838a29fffff,15.0
8808838a27fffff,24.0
8808838a25fffff,2.0
8808838a23fffff,49.0
8808838a21fffff,42.0
8808838a19fffff,11.0
8808838a15fffff,1.0
8808838a11fffff,15.0
8808838a0dfffff,6.0
8808838a0bfffff,5.0
8808838a09fffff,11.0
8808838a07fffff,1.0
8808838a05fffff,1.0
8808838a03fffff,2.0
8808838a01fffff,36.0
88088389ebfffff,2.0
88088389e9fffff,1.0
88088389e7fffff,14.0
88088389e5fffff,1.0
88088389e3fffff,1.0
88088389e1fffff,1.0
88088389ddfffff,3.0
88088389dbfffff,28.0
88088389d9fffff,6.0
88088389d1fffff,6.0
88088389cdfffff,2.0
88088389c9fffff,105.0
88088389c7fffff,18.0
88088389c5fffff,24.0
88088389c3fffff,35.0
88088389c1fffff,1.0
88088389bdfffff,7.0
88088389bbfffff,5.0
88088389b9fffff,8.0
88088389b7fffff,1.0
88088389b5fffff,1.0
88088389b3fffff,13.0
88088389b1fffff,5.0
88088389adfffff,1.0
88088389abfffff,37.0
88088389a9fffff,10.0
88088389a7fffff,13.0
88088389a5fffff,2.0
88088389a3fffff,19.0
88088389a1fffff,4.0
880883898dfffff,8.0
8808838989fffff,11.0
8808838985fffff,3.0
8808838967fffff,1.0
8808838963fffff,1.0
8808838957fffff,4.0
8808838955fffff,1.0
8808838953fffff,1.0
8808838951fffff,4.0
8808838949fffff,1.0
880883893dfffff,24.0
880883893bfffff,2.0
8808838939fffff,12.0
8808838935fffff,3.0
8808838933fffff,2.0
8808838931fffff,2.0
880883892dfffff,12.0
880883892bfffff,1.0
8808838929fffff,14.0
8808838927fffff,4.0
880883891bfffff,4.0
8808838919fffff,1.0
8808838915fffff,1.0
8808838913fffff,1.0
8808838911fffff,1.0
880883890dfffff,6.0
880883890bfffff,1.0
8808838909fffff,1.0
8808838905fffff,4.0
88088388edfffff,1.0
88088388ebfffff,1.0
88088388e7fffff,27.0
88088388e5fffff,7.0
88088388e3fffff,1.0
88088388e1fffff,1.0
88088388ddfffff,14.0
88088388dbfffff,4.0
88088388d9fffff,25.0
88088388d3fffff,5.0
88088388d1fffff,4.0
88088388cdfffff,23.0
88088388c9fffff,19.0
88088388c7fffff,35.0
88088388c5fffff,7.0
88088388c3fffff,5.0
88088388c1fffff,1.0
880883888dfffff,1.0
8808838869fffff,5.0
880883885bfffff,10.0
8808838857fffff,14.0
8808838855fffff,17.0
8808838853fffff,7.0
8808838851fffff,2.0
880883884dfffff,1.0
8808838849fffff,14.0
8808838845fffff,6.0
880883883dfffff,1.0
880883883bfffff,66.0
8808838839fffff,11.0
8808838837fffff,2.0
8808838835fffff,11.0
8808838833fffff,28.0
8808838831fffff,68.0
880883882dfffff,3.0
8808838829fffff,5.0
8808838827fffff,12.0
8808838825fffff,2.0
8808838823fffff,6.0
880883881dfffff,13.0
880883881bfffff,77.0
8808838819fffff,4.0
8808838817fffff,39.0
8808838815fffff,16.0
8808838813fffff,6.0
8808838811fffff,12.0
880883880bfffff,17.0
8808838809fffff,7.0
8808838807fffff,2.0
8808838805fffff,2.0
8808838803fffff,55.0
8808838801fffff,7.0
88088385a3fffff,1.0
8808838129fffff,4.0
8808838127fffff,2.0
8808838125fffff,1.0
8808838121fffff,1.0
88088376edfffff,7.0
88088376ebfffff,4.0
88088376e9fffff,9.0
88088376e7fffff,2.0
88088376e5fffff,6.0
88088376e3fffff,3.0
88088376e1fffff,10.0
88088376ddfffff,10.0
88088376dbfffff,8.0
88088376d9fffff,6.0
88088376d7fffff,3.0
88088376d5fffff,1.0
88088376d1fffff,2.0
88088376c7fffff,1.0
88088376c5fffff,16.0
88088376c3fffff,3.0
88088376c1fffff,24.0
88088376abfffff,2.0
88088376a9fffff,10.0
880883768dfffff,3.0
880883768bfffff,2.0
8808837689fffff,2.0
8808837687fffff,4.0
8808837685fffff,6.0
8808837681fffff,2.0
880883766dfffff,21.0
8808837633fffff,2.0
8808837459fffff,3.0
88088372edfffff,2.0
88088372ebfffff,1.0
88088372e7fffff,18.0
88088372e5fffff,25.0
88088372e1fffff,1.0
8808837237fffff,13.0
8808837233fffff,4.0
880883705dfffff,5.0
880883705bfffff,11.0
8808837059fffff,40.0
8808837055fffff,14.0
8808837051fffff,8.0
880883704bfffff,1.0
8808837047fffff,4.0
8808837043fffff,1.0
8808837009fffff,11.0
880883575bfffff,7.0
8808835759fffff,6.0
880883571dfffff,19.0
8808835719fffff,35.0
8808835713fffff,5.0
8808835711fffff,10.0
8808835703fffff,16.0
8808835701fffff,11.0
88088356edfffff,2.0
88088356e9fffff,3.0
88088356c9fffff,1.0
880883569bfffff,7.0
8808835693fffff,1.0
8808835691fffff,5.0
880883566dfffff,17.0
880883566bfffff,4.0
8808835669fffff,7.0
8808835667fffff,10.0
8808835665fffff,6.0
8808835663fffff,1.0
8808835661fffff,1.0
880883564bfffff,18.0
8808835647fffff,70.0
8808835645fffff,13.0
8808835643fffff,5.0
8808835641fffff,26.0
880883563dfffff,1.0
880883563bfffff,6.0
8808835639fffff,1.0
8808835637fffff,2.0
8808835633fffff,6.0
8808835631fffff,1.0
880883562dfffff,3.0
880883562bfffff,3.0
8808835629fffff,15.0
8808835625fffff,11.0
8808835623fffff,4.0
8808835621fffff,7.0
880883561dfffff,2.0
880883561bfffff,58.0
8808835617fffff,1.0
8808835615fffff,1.0
8808835613fffff,1.0
8808835611fffff,3.0
880883560dfffff,2.0
880883560bfffff,8.0
8808835609fffff,2.0
8808835607fffff,10.0
8808835605fffff,22.0
8808835603fffff,19.0
8808835601fffff,32.0
88088355ebfffff,2.0
88088355e9fffff,2.0
88088355ddfffff,2.0
88088355dbfffff,17.0
88088355d9fffff,4.0
88088355d7fffff,9.0
88088355d5fffff,2.0
88088355d1fffff,2.0
88088355cbfffff,1.0
88088355c9fffff,3.0
88088355c7fffff,8.0
88088355c5fffff,5.0
88088355c3fffff,1.0
88088355c1fffff,27.0
88088355bdfffff,1.0
88088355b9fffff,13.0
88088355b5fffff,4.0
88088355b3fffff,3.0
88088355b1fffff,1.0
88088355abfffff,3.0
880883559dfffff,3.0
8808835597fffff,2.0
8808835595fffff,1.0
8808835591fffff,1.0
880883558dfffff,1.0
880883558bfffff,10.0
8808835589fffff,3.0
8808835587fffff,4.0
8808835585fffff,1.0
8808835583fffff,11.0
8808835581fffff,1.0
880883551dfffff,1.0
8808835517fffff,1.0
8808835513fffff,3.0
88088354b7fffff,20.0
88088354adfffff,2.0
88088354a5fffff,5.0
880883544dfffff,2.0
8808835441fffff,6.0
8808835437fffff,1.0
880883475bfffff,2.0
8808834759fffff,1.0
88088346ebfffff,6.0
88088346e9fffff,1.0
88088346e7fffff,9.0
88088346d5fffff,9.0
88088346cdfffff,11.0
88088346cbfffff,1.0
88088346c7fffff,12.0
88088346c5fffff,10.0
88088346c3fffff,4.0
88088346c1fffff,4.0
88088346bdfffff,1.0
88088346b5fffff,16.0
88088346b3fffff,1.0
88088346b1fffff,4.0
88088346adfffff,5.0
88088346abfffff,3.0
88088346a9fffff,13.0
88088346a7fffff,15.0
88088346a3fffff,17.0
88088346a1fffff,4.0
880883468dfffff,9.0
880883468bfffff,3.0
8808834689fffff,2.0
8808834687fffff,7.0
8808834685fffff,16.0
880883466dfffff,3.0
880883465dfffff,1.0
880883465bfffff,2.0
8808834659fffff,1.0
8808834657fffff,1.0
8808834655fffff,6.0
8808834653fffff,3.0
880883464bfffff,21.0
8808834643fffff,7.0
8808834641fffff,5.0
8808834613fffff,8.0
88088344edfffff,9.0
88088344ebfffff,1.0
88088344e9fffff,1.0
88088344cdfffff,2.0
88088344cbfffff,2.0
88088344c9fffff,8.0
880883445dfffff,1.0
8808834459fffff,12.0
880883444bfffff,9.0
880883443bfffff,13.0
8808834439fffff,2.0
880883441dfffff,1.0
880883441bfffff,10.0
8808834419fffff,1.0
8808834417fffff,3.0
8808834415fffff,5.0
8808834413fffff,16.0
8808834409fffff,1.0
88088339d9fffff,2.0
88088338ebfffff,20.0
88088338e9fffff,2.0
88088338e7fffff,4.0
88088338e5fffff,7.0
88088338e3fffff,2.0
88088338e1fffff,18.0
88088338d5fffff,16.0
88088338c7fffff,2.0
88088338c5fffff,5.0
8808833889fffff,4.0
880883383dfffff,8.0
8808833837fffff,4.0
8808833835fffff,13.0
8808833833fffff,14.0
8808833831fffff,5.0
8808832ee9fffff,7.0
8808832ecdfffff,6.0
8808832ecbfffff,1.0
8808832ec9fffff,2.0
8808832ec5fffff,9.0
8808832e3bfffff,3.0
8808832e17fffff,38.0
8808832e13fffff,20.0
8808831b5bfffff,17.0
8808831b59fffff,4.0
8808831b57fffff,1.0
8808831b53fffff,8.0
8808831b51fffff,56.0
8808831b37fffff,46.0
8808831b35fffff,28.0
8808831b33fffff,6.0
8808831b31fffff,43.0
8808831b2dfffff,9.0
8808831b27fffff,14.0
8808831b23fffff,22.0
8808831b21fffff,15.0
8808831a6dfffff,50.0
8808831a6bfffff,3.0
8808831a69fffff,86.0
8808831a67fffff,9.0
8808831a65fffff,5.0
8808831a63fffff,21.0
8808831a61fffff,51.0
8808831a5dfffff,1.0
8808831a5bfffff,4.0
8808831a59fffff,14.0
8808831a57fffff,8.0
8808831a53fffff,1.0
8808831a51fffff,10.0
8808831a4dfffff,77.0
8808831a4bfffff,13.0
8808831a49fffff,8.0
8808831a47fffff,4.0
8808831a45fffff,15.0
8808831a43fffff,17.0
8808831a41fffff,24.0
8808831a2dfffff,2.0
8808831a25fffff,13.0
8808831a19fffff,1.0
8808831a0dfffff,47.0
8808831a0bfffff,2.0
8808831a09fffff,5.0
8808831a05fffff,3.0
8808831a01fffff,1.0
88088319e3fffff,4.0
88088319d7fffff,2.0
88088319d5fffff,2.0
88088319d3fffff,3.0
88088319d1fffff,2.0
88088319bdfffff,5.0
88088319bbfffff,11.0
88088319b9fffff,4.0
88088319b5fffff,10.0
88088319b3fffff,1.0
88088319b1fffff,15.0
88088319adfffff,5.0
88088319abfffff,1.0
88088319a9fffff,10.0
88088319a7fffff,21.0
88088319a5fffff,4.0
88088319a3fffff,10.0
88088319a1fffff,11.0
880883199bfffff,24.0
8808831997fffff,10.0
8808831995fffff,1.0
880883198dfffff,5.0
8808831985fffff,5.0
8808831981fffff,1.0
880883196dfffff,1.0
880883196bfffff,1.0
8808831969fffff,7.0
8808831965fffff,1.0
880883195dfffff,30.0
8808831959fffff,23.0
8808831957fffff,1.0
8808831955fffff,17.0
8808831953fffff,1.0
8808831951fffff,6.0
880883194dfffff,26.0
880883194bfffff,20.0
8808831949fffff,27.0
8808831947fffff,72.0
8808831945fffff,33.0
8808831943fffff,65.0
8808831941fffff,165.0
880883193dfffff,1.0
880883193bfffff,7.0
8808831935fffff,1.0
880883192bfffff,5.0
8808831927fffff,14.0
8808831923fffff,15.0
880883191dfffff,1.0
880883191bfffff,1.0
8808831919fffff,3.0
8808831915fffff,4.0
8808831911fffff,11.0
880883190bfffff,15.0
8808831909fffff,4.0
8808831907fffff,5.0
8808831903fffff,16.0
88088318b7fffff,14.0
88088318adfffff,1.0
88088318abfffff,8.0
88088318a7fffff,25.0
88088318a5fffff,7.0
8808831887fffff,8.0
8808831865fffff,8.0
880883176bfffff,8.0
8808831769fffff,4.0
8808831767fffff,9.0
880883175dfffff,15.0
880883175bfffff,6.0
8808831759fffff,16.0
8808831755fffff,4.0
880883174dfffff,3.0
880883174bfffff,8.0
8808831749fffff,6.0
8808831747fffff,23.0
8808831745fffff,3.0
8808831743fffff,9.0
8808831741fffff,11.0
880883173dfffff,1.0
880883173bfffff,6.0
8808831739fffff,6.0
8808831737fffff,1.0
8808831735fffff,11.0
8808831733fffff,1.0
880883172dfffff,43.0
880883172bfffff,18.0
8808831729fffff,27.0
8808831727fffff,19.0
8808831725fffff,23.0
8808831723fffff,24.0
8808831721fffff,84.0
880883171bfffff,11.0
8808831717fffff,1.0
8808831715fffff,1.0
8808831713fffff,1.0
8808831711fffff,2.0
8808831709fffff,2.0
8808831707fffff,9.0
88088316e7fffff,11.0
88088316e5fffff,18.0
88088316e1fffff,10.0
880883166dfffff,63.0
880883166bfffff,7.0
8808831669fffff,2.0
8808831667fffff,14.0
8808831665fffff,16.0
8808831663fffff,18.0
8808831661fffff,65.0
880883165dfffff,2.0
8808831659fffff,10.0
8808831649fffff,1.0
8808831645fffff,1.0
8808831643fffff,1.0
8808831641fffff,1.0
880883163dfffff,1.0
8808831639fffff,2.0
8808831633fffff,1.0
880883162dfffff,9.0
880883162bfffff,6.0
8808831629fffff,12.0
8808831627fffff,13.0
8808831625fffff,8.0
8808831623fffff,3.0
8808831621fffff,10.0
880883161dfffff,1.0
880883161bfffff,2.0
8808831619fffff,1.0
8808831617fffff,1.0
8808831615fffff,1.0
8808831611fffff,7.0
880883160dfffff,12.0
880883160bfffff,6.0
8808831607fffff,1.0
8808831605fffff,5.0
8808831603fffff,13.0
8808831601fffff,3.0
88088315e5fffff,1.0
88088315cdfffff,5.0
88088315cbfffff,7.0
88088315c9fffff,4.0
880883156dfffff,1.0
880883156bfffff,5.0
8808831567fffff,5.0
8808831565fffff,7.0
8808831563fffff,3.0
8808831561fffff,6.0
880883155dfffff,1.0
880883155bfffff,22.0
8808831559fffff,1.0
8808831557fffff,1.0
8808831555fffff,12.0
8808831553fffff,24.0
8808831551fffff,1.0
880883154dfffff,19.0
880883154bfffff,6.0
8808831549fffff,9.0
8808831547fffff,2.0
8808831545fffff,6.0
8808831543fffff,14.0
8808831541fffff,5.0
880883153dfffff,4.0
880883153bfffff,1.0
8808831539fffff,1.0
8808831537fffff,1.0
880883152bfffff,1.0
8808831529fffff,19.0
8808831527fffff,23.0
8808831525fffff,7.0
8808831523fffff,2.0
8808831521fffff,10.0
880883151dfffff,4.0
8808831519fffff,1.0
8808831515fffff,1.0
8808831513fffff,10.0
8808831511fffff,4.0
8808831509fffff,9.0
8808831507fffff,1.0
8808831505fffff,6.0
8808831501fffff,1.0
880883146dfffff,1.0
8808831467fffff,5.0
8808831465fffff,1.0
8808831461fffff,1.0
880883145bfffff,7.0
8808831457fffff,1.0
8808831455fffff,1.0
880883144dfffff,10.0
880883144bfffff,2.0
8808831449fffff,2.0
8808831447fffff,1.0
8808831441fffff,2.0
880883143dfffff,1.0
8808831431fffff,4.0
880883142dfffff,18.0
8808831429fffff,1.0
8808831427fffff,1.0
8808831425fffff,1.0
8808831423fffff,2.0
8808831421fffff,2.0
880883140bfffff,1.0
8808831405fffff,2.0
880883136bfffff,7.0
8808831369fffff,1.0
8808831367fffff,1.0
8808831365fffff,6.0
8808831361fffff,13.0
880883135bfffff,17.0
8808831359fffff,1.0
8808831353fffff,1.0
880883134dfffff,2.0
8808831349fffff,1.0
8808831347fffff,1.0
8808831345fffff,16.0
8808831341fffff,2.0
880883133bfffff,72.0
8808831339fffff,4.0
8808831335fffff,3.0
8808831331fffff,23.0
880883132bfffff,17.0
8808831329fffff,3.0
8808831327fffff,8.0
8808831325fffff,21.0
8808831323fffff,2.0
8808831321fffff,8.0
880883131dfffff,15.0
880883131bfffff,9.0
8808831319fffff,30.0
8808831315fffff,70.0
8808831311fffff,4.0
8808831307fffff,1.0
8808831303fffff,4.0
88088312edfffff,1.0
88088312ebfffff,1.0
88088312e9fffff,4.0
88088312e7fffff,1.0
88088312e5fffff,4.0
88088312e3fffff,9.0
88088312ddfffff,84.0
88088312dbfffff,1.0
88088312d7fffff,5.0
88088312d5fffff,14.0
88088312d3fffff,14.0
88088312d1fffff,14.0
88088312cdfffff,14.0
88088312cbfffff,3.0
88088312c9fffff,1.0
88088312c7fffff,8.0
88088312c5fffff,13.0
88088312c3fffff,61.0
88088312c1fffff,22.0
88088312adfffff,40.0
88088312a9fffff,2.0
88088312a5fffff,7.0
880883129dfffff,4.0
880883129bfffff,8.0
8808831299fffff,1.0
8808831297fffff,25.0
8808831293fffff,10.0
880883128dfffff,10.0
880883128bfffff,6.0
8808831289fffff,5.0
8808831287fffff,2.0
8808831285fffff,5.0
8808831283fffff,18.0
8808831281fffff,3.0
880883126dfffff,5.0
880883126bfffff,5.0
8808831267fffff,24.0
8808831265fffff,6.0
8808831261fffff,25.0
8808831257fffff,3.0
8808831255fffff,9.0
8808831253fffff,41.0
8808831251fffff,1.0
880883124dfffff,1.0
880883123bfffff,4.0
8808831233fffff,1.0
880883122dfffff,53.0
880883122bfffff,1.0
8808831229fffff,2.0
8808831227fffff,8.0
8808831225fffff,12.0
8808831223fffff,1.0
8808831221fffff,18.0
880883121dfffff,1.0
880883121bfffff,7.0
8808831219fffff,14.0
8808831217fffff,36.0
8808831215fffff,3.0
8808831213fffff,15.0
8808831211fffff,5.0
880883120dfffff,2.0
880883120bfffff,1.0
8808831209fffff,5.0
88088311d5fffff,1.0
88088311d3fffff,5.0
88088311bdfffff,1.0
88088311b9fffff,1.0
88088311b7fffff,4.0
88088311b5fffff,3.0
88088311b1fffff,3.0
88088311abfffff,1.0
88088311a9fffff,2.0
88088311a3fffff,1.0
8808831195fffff,1.0
8808831193fffff,4.0
8808831189fffff,2.0
8808831183fffff,3.0
880883116dfffff,4.0
880883116bfffff,1.0
8808831169fffff,1.0
8808831167fffff,2.0
8808831165fffff,22.0
8808831163fffff,17.0
8808831161fffff,29.0
8808831153fffff,2.0
880883114dfffff,29.0
8808831149fffff,40.0
8808831147fffff,1.0
8808831143fffff,28.0
8808831141fffff,8.0
8808831131fffff,4.0
880883112dfffff,30.0
8808831129fffff,29.0
8808831127fffff,4.0
8808831125fffff,4.0
8808831123fffff,1.0
8808831119fffff,35.0
880883110dfffff,4.0
8808831109fffff,4.0
88088310ebfffff,3.0
88088310e7fffff,5.0
88088310e3fffff,12.0
88088310e1fffff,4.0
88088310ddfffff,1.0
88088310dbfffff,10.0
88088310d7fffff,1.0
88088310d5fffff,1.0
88088310d3fffff,5.0
88088310c7fffff,27.0
88088310c3fffff,21.0
88088310bdfffff,14.0
88088310bbfffff,2.0
88088310b9fffff,43.0
88088310b7fffff,1.0
88088310b5fffff,1.0
88088310b3fffff,3.0
88088310b1fffff,9.0
88088310adfffff,12.0
88088310abfffff,30.0
88088310a9fffff,17.0
88088310a3fffff,5.0
88088310a1fffff,56.0
880883109dfffff,1.0
880883109bfffff,5.0
8808831099fffff,8.0
8808831093fffff,7.0
8808831091fffff,1.0
880883108dfffff,18.0
880883108bfffff,1.0
8808831089fffff,191.0
8808831087fffff,9.0
8808831085fffff,17.0
8808831083fffff,27.0
8808831081fffff,11.0
880883106bfffff,40.0
8808831067fffff,5.0
8808831063fffff,18.0
8808831061fffff,12.0
880883105dfffff,3.0
880883105bfffff,6.0
8808831059fffff,1.0
8808831057fffff,125.0
8808831053fffff,215.0
8808831051fffff,3.0
880883103bfffff,8.0
8808831039fffff,1.0
880883102dfffff,1.0
880883102bfffff,2.0
8808831025fffff,9.0
8808831021fffff,4.0
880883101dfffff,36.0
880883101bfffff,21.0
8808831019fffff,307.0
8808831015fffff,8.0
8808831011fffff,80.0
880883100dfffff,17.0
880883100bfffff,73.0
8808831007fffff,5.0
8808831005fffff,10.0
8808831003fffff,1.0
8808831001fffff,17.0
8808830e4dfffff,1.0
8808830e4bfffff,1.0
8808830e45fffff,1.0
8808830e41fffff,3.0
8808830dbdfffff,4.0
8808830dbbfffff,10.0
8808830db9fffff,6.0
8808830db3fffff,7.0
8808830db1fffff,31.0
8808830d97fffff,1.0
8808830d87fffff,1.0
8808830a6dfffff,2.0
8808830a6bfffff,13.0
8808830a69fffff,8.0
8808830a61fffff,3.0
8808830a5dfffff,10.0
8808830a4bfffff,12.0
8808830a47fffff,8.0
8808830a45fffff,13.0
8808830a43fffff,8.0
8808830a41fffff,15.0
8808830a0dfffff,1.0
8808830967fffff,1.0
880883092dfffff,2.0
8808830925fffff,18.0
880883056dfffff,7.0
8808830565fffff,1.0
880883036bfffff,1.0
8808830363fffff,3.0
880883035dfffff,20.0
880883035bfffff,2.0
8808830359fffff,8.0
8808830353fffff,2.0
880883034bfffff,2.0
8808830349fffff,7.0
8808830347fffff,1.0
8808830345fffff,5.0
8808830341fffff,7.0
880883031dfffff,2.0
880883031bfffff,1.0
8808830319fffff,7.0
8808830313fffff,2.0
880883030dfffff,2.0
880883030bfffff,3.0
8808830301fffff,3.0
88088302ebfffff,21.0
88088302e9fffff,9.0
88088302e5fffff,5.0
88088302e3fffff,2.0
88088302e1fffff,4.0
88088302dbfffff,1.0
88088302d9fffff,1.0
88088302d7fffff,30.0
88088302d3fffff,2.0
88088302d1fffff,9.0
88088302cdfffff,47.0
88088302cbfffff,1.0
88088302c9fffff,1.0
88088302c7fffff,4.0
88088302c5fffff,17.0
88088302c3fffff,1.0
88088302c1fffff,1.0
880883029dfffff,1.0
8808830299fffff,1.0
880883028dfffff,2.0
880883028bfffff,8.0
8808830289fffff,1.0
8808830281fffff,4.0
880883026dfffff,4.0
880883026bfffff,25.0
8808830269fffff,6.0
8808830267fffff,1.0
8808830263fffff,32.0
8808830261fffff,1.0
8808830247fffff,2.0
8808830245fffff,2.0
880883023dfffff,2.0
880883023bfffff,1.0
8808830239fffff,8.0
8808830237fffff,1.0
8808830233fffff,1.0
8808830231fffff,3.0
880883022dfffff,1.0
880883022bfffff,12.0
8808830229fffff,24.0
8808830227fffff,3.0
8808830225fffff,5.0
8808830221fffff,6.0
880883021bfffff,4.0
8808830217fffff,5.0
8808830215fffff,5.0
8808830213fffff,11.0
8808830211fffff,16.0
880883020dfffff,31.0
8808830207fffff,7.0
8808830205fffff,49.0
8808830203fffff,4.0
88088301b9fffff,2.0
880883019bfffff,2.0
8808830195fffff,1.0
8808830191fffff,6.0
8808830187fffff,6.0
8808830183fffff,6.0
88088300bdfffff,27.0
88088300bbfffff,1.0
88088300b9fffff,29.0
88088300b5fffff,1.0
88088300b3fffff,1.0
88088300b1fffff,19.0
88088300abfffff,5.0
880883009dfffff,4.0
8808830097fffff,1.0
8808830095fffff,6.0
8808830093fffff,4.0
8808830091fffff,39.0
880883008bfffff,11.0
8808830087fffff,10.0
8808830085fffff,1.0
8808830083fffff,6.0
8808830081fffff,6.0
8808830059fffff,1.0
880883004dfffff,1.0
8808830049fffff,3.0
