8882f67b63fffff,588.0
8882f67b61fffff,1.0
8882f67aedfffff,356.0
8882f67addfffff,136.0
8882f67acbfffff,373.0
8882f67ac3fffff,135.0
8882f67aa7fffff,509.0
8882f67a3bfffff,85.0
8882f67a37fffff,1.0
8882f67a27fffff,491.0
8882f67a25fffff,34.0
8882f67a21fffff,271.0
8882f67853fffff,102.0
8882f6776dfffff,831.0
8882f67769fffff,119.0
8882f67761fffff,84.0
8882f67627fffff,68.0
8882f675a1fffff,1.0
8882f67467fffff,203.0
8882f67463fffff,170.0
8882f6744dfffff,390.0
8882f6732bfffff,1.0
8882f67311fffff,1.0
8882f67307fffff,1.0
8882f672bdfffff,168.0
8882f672b5fffff,1170.0
8882f672adfffff,373.0
8882f672a3fffff,153.0
8882f671d5fffff,118.0
8882f670e7fffff,17.0
8882f670e5fffff,1.0
8882f670e3fffff,339.0
8882f670e1fffff,101.0
8882f6705bfffff,1.0
8882f67053fffff,17.0
8882f66d3dfffff,305.0
8882f66d27fffff,51.0
8882f66d23fffff,220.0
8882f66d1bfffff,221.0
8882f66d19fffff,68.0
8882f66d15fffff,339.0
8882f66d11fffff,423.0
8882f66c3bfffff,289.0
8882f66c39fffff,16.0
8882f66c35fffff,34.0
8882f66c27fffff,984.0
8882f66c25fffff,1034.0
8882f66c23fffff,271.0
8882f66c21fffff,1.0
8882f669bbfffff,1.0
8882f66963fffff,50.0
8882f66961fffff,186.0
8882f66823fffff,814.0
8882f664b9fffff,723.0
8882f664abfffff,204.0
8882f664a5fffff,228.0
8882f66495fffff,12.0
8882f66487fffff,383.0
8882f66483fffff,84.0
8882f66461fffff,1.0
8882f6644bfffff,107.0
8882f66443fffff,168.0
8882f66441fffff,12.0
8882f65b65fffff,31.0
8882f65b3bfffff,307.0
8882f65b37fffff,1.0
8882f65b31fffff,46.0
8882f65abbfffff,1014.0
8882f65ab9fffff,799.0
8882f65ab3fffff,292.0
8882f65aadfffff,308.0
8882f65aa9fffff,35.0
8882f65aa5fffff,2.0
8882f65a97fffff,92.0
8882f659dbfffff,288.0
8882f6595dfffff,1.0
8882f65951fffff,1.0
8882f658b7fffff,932.0
8882f658adfffff,729.0
8882f658a1fffff,17.0
8882f6586dfffff,170.0
8882f6585bfffff,169.0
8882f65857fffff,1553.0
8882f65855fffff,46.0
8882f65853fffff,906.0
8882f65851fffff,292.0
8882f65825fffff,1.0
8882f6581dfffff,200.0
8882f6581bfffff,1.0
8882f65819fffff,937.0
8882f6580bfffff,1.0
8882f64eb5fffff,1543.0
8882f64e8dfffff,525.0
8882f64e85fffff,52.0
8882f64e81fffff,661.0
8882f64e53fffff,390.0
8882f64e1bfffff,152.0
8882f64e19fffff,170.0
8882f64e11fffff,152.0
8882f64ddbfffff,306.0
8882f64dd3fffff,1406.0
8882f64dd1fffff,1.0
8882f64dc3fffff,51.0
8882f64d9bfffff,34.0
8882f64ce9fffff,2.0
8882f64ce5fffff,1.0
8882f64ce1fffff,1.0
8882f64ccbfffff,101.0
8882f64cc9fffff,271.0
8882f64cadfffff,577.0
8882f64ca5fffff,1017.0
8882f64a5dfffff,1.0
8882f64a2dfffff,135.0
8882f64a29fffff,1.0
8882f64a25fffff,33.0
8882f64a01fffff,1.0
8882f6495bfffff,763.0
8882f64953fffff,34.0
8882f6486bfffff,51.0
8882f64869fffff,186.0
8882f64867fffff,1.0
8882f64845fffff,34.0
8882f6436bfffff,295.0
8882f64355fffff,55.0
8882f64347fffff,15.0
8882f6430bfffff,1.0
8882f6416dfffff,1.0
8882f6416bfffff,305.0
8882f6415dfffff,271.0
8882f6415bfffff,68.0
8882f64155fffff,17.0
8882f6414bfffff,441.0
8882f64145fffff,4.0
8882f64143fffff,525.0
8882f64141fffff,34.0
8882f640ebfffff,458.0
8882f640c7fffff,135.0
8882f640c5fffff,204.0
8882f640abfffff,1068.0
8882f64063fffff,288.0
8882f64047fffff,169.0
8882f6402bfffff,289.0
8882f6401dfffff,33.0
8882f6400dfffff,2001.0
8882f6400bfffff,118.0
8882f64009fffff,1289.0
8882f64007fffff,203.0
8882f64005fffff,170.0
8882f64003fffff,1390.0
8882f64001fffff,2474.0
8882f62ee7fffff,48.0
8882f62eadfffff,12.0
8882f62e39fffff,168.0
8882f62e37fffff,48.0
8882f62e31fffff,47.0
8882f62e07fffff,12.0
8882f62d91fffff,228.0
8882f62d8bfffff,96.0
8882f62d83fffff,275.0
8882f62d81fffff,12.0
8882f62d1bfffff,204.0
8882f62c5bfffff,347.0
8882f62c59fffff,132.0
8882f62c4bfffff,72.0
8882f62c45fffff,335.0
8882f62c41fffff,2.0
8882f62c25fffff,12.0
8882f62aedfffff,1.0
8882f62ae9fffff,1.0
8882f62a91fffff,305.0
8882f62a85fffff,85.0
8882f62939fffff,276.0
8882f6291bfffff,1.0
8882f62915fffff,35.0
8882f62823fffff,160.0
8882f62817fffff,17.0
8882f62723fffff,5.0
8882f625bbfffff,431.0
8882f62597fffff,48.0
8882f62595fffff,287.0
8882f62535fffff,84.0
8882f62525fffff,216.0
8882f622b7fffff,3.0
8882f620b9fffff,89.0
8882f620b1fffff,216.0
8882f620adfffff,156.0
8882f6208bfffff,71.0
8882f62083fffff,276.0
8882f62081fffff,12.0
8882f60da7fffff,118.0
8882f2db5bfffff,255.0
8882f2db59fffff,288.0
8882f2db53fffff,136.0
8882f2db19fffff,475.0
8882f2db17fffff,729.0
8882f2db11fffff,84.0
8882f2da25fffff,272.0
8882f2d9e7fffff,508.0
8882f2d95bfffff,153.0
8882f2d959fffff,17.0
8882f2d941fffff,237.0
8882f2d8ebfffff,237.0
8882f2d8e9fffff,746.0
8882f2d8d5fffff,203.0
8882f2d8d1fffff,255.0
8882f2d8c5fffff,68.0
8882f2d86dfffff,678.0
8882f2d867fffff,288.0
8882f2d865fffff,3.0
8882f2d861fffff,102.0
8882f2d83dfffff,915.0
8882f2d83bfffff,68.0
8882f2d839fffff,1.0
8882f2d82dfffff,1678.0
8882f2d82bfffff,186.0
8882f2d829fffff,492.0
8882f2d821fffff,1271.0
8882f2d815fffff,187.0
8882f2d749fffff,85.0
8882f2d367fffff,254.0
8882f2d365fffff,17.0
8882f2d35bfffff,34.0
8882f2d359fffff,1.0
8882f2d351fffff,16.0
8882f2d347fffff,780.0
8882f2d343fffff,288.0
8882f2d309fffff,170.0
8882f2d2cdfffff,1.0
8882f2d2c5fffff,220.0
8882f2d29bfffff,339.0
8882f2d26dfffff,1.0
8882f2d267fffff,1084.0
8882f2d261fffff,1.0
8882f2d21bfffff,51.0
8882f2d215fffff,67.0
8882f2d211fffff,255.0
8882f2d205fffff,1.0
8882f2d203fffff,152.0
8882f2cf67fffff,152.0
8882f2cf65fffff,2.0
8882f2cf63fffff,847.0
8882f2cf2dfffff,119.0
8882f2cf29fffff,1678.0
8882f2cf27fffff,1.0
8882f2cf21fffff,355.0
8882f2cd4bfffff,1.0
8882f2cd49fffff,305.0
8882f2cd47fffff,1136.0
8882f2cd41fffff,1254.0
8882f2cd3dfffff,17.0
8882f2cd3bfffff,1.0
8882f2cd35fffff,17.0
8882f2cd0dfffff,68.0
8882f2cd09fffff,254.0
8882f2ccb3fffff,1696.0
8882f2cadbfffff,50.0
8882f2cad9fffff,51.0
8882f2cad3fffff,661.0
8882f2ca9bfffff,17.0
8882f2ca99fffff,204.0
8882f2c967fffff,17.0
8882f2c95bfffff,153.0
8882f2c955fffff,102.0
8882f2c951fffff,84.0
8882f2c909fffff,136.0
8882f2c901fffff,220.0
8882f2c859fffff,628.0
8882f2c851fffff,50.0
8882f2c337fffff,85.0
8882f2c32dfffff,848.0
8882f2c321fffff,118.0
8882f2c1edfffff,85.0
8882f2c1e5fffff,153.0
8882f2c15dfffff,271.0
8882f2c14bfffff,356.0
8882f2c117fffff,1169.0
8882f2c111fffff,984.0
8882f2b957fffff,239.0
8882f2b953fffff,1.0
8882f2b92dfffff,24.0
8882f2b921fffff,1.0
8882f2b91dfffff,35.0
8882f2b919fffff,12.0
8882f2b90bfffff,108.0
8882f2b903fffff,144.0
8882f2b8edfffff,1.0
8882f2b8ebfffff,191.0
8882f2b8e9fffff,108.0
8882f2b895fffff,515.0
8882f2b88dfffff,131.0
8882f2b883fffff,84.0
8882f2b82dfffff,156.0
8882f2b829fffff,192.0
8882f2b809fffff,1.0
8882f2b807fffff,658.0
8882f2b805fffff,6.0
8882f2b803fffff,12.0
8882f2b801fffff,60.0
8882f2b755fffff,1.0
8882f2b74dfffff,335.0
8882f2b745fffff,84.0
8882f2b741fffff,48.0
8882f2b73dfffff,1.0
8882f2b72dfffff,1.0
8882f2b725fffff,47.0
8882f2b68dfffff,1.0
8882f2b685fffff,84.0
8882f2b637fffff,1.0
8882f2b633fffff,1.0
8882f2b545fffff,23.0
8882f2b46dfffff,1.0
8882f2b2bbfffff,1.0
8882f2b293fffff,1.0
8882f2b09bfffff,573.0
8882f2b093fffff,60.0
8882f2b091fffff,84.0
8882f2b053fffff,12.0
8882f2b031fffff,36.0
8882f2af5dfffff,180.0
8882f2af5bfffff,95.0
8882f2af59fffff,24.0
8882f2af57fffff,12.0
8882f2af55fffff,539.0
8882f2af53fffff,192.0
8882f2af4bfffff,36.0
8882f2af43fffff,120.0
8882f2af27fffff,743.0
8882f2af0dfffff,311.0
8882f2af0bfffff,3402.0
8882f2af09fffff,251.0
8882f2af01fffff,1760.0
8882f2ae6bfffff,156.0
8882f2ae69fffff,12.0
8882f2ae67fffff,216.0
8882f2ae65fffff,95.0
8882f2ae63fffff,21.0
8882f2ae61fffff,227.0
8882f2ae4dfffff,60.0
8882f2ae49fffff,264.0
8882f2ae41fffff,60.0
8882f2ae2dfffff,13.0
8882f2ad49fffff,239.0
8882f2ad41fffff,36.0
8882f2ad25fffff,74.0
8882f2ad07fffff,11.0
8882f2ad03fffff,48.0
8882f2a9adfffff,37.0
8882f2a9abfffff,419.0
8882f2a9a9fffff,1.0
8882f2a99dfffff,120.0
8882f2a999fffff,227.0
8882f2a987fffff,479.0
8882f2a985fffff,456.0
8882f2a983fffff,59.0
8882f2a8abfffff,48.0
8882f2a8a5fffff,527.0
8882f2a8a1fffff,84.0
8882f2a89bfffff,168.0
8882f2a891fffff,144.0
8882f2a887fffff,119.0
8882f2a755fffff,228.0
8882f2a751fffff,96.0
8882f2a70dfffff,155.0
8882f2a70bfffff,20.0
8882f2a709fffff,132.0
8882f2a701fffff,5.0
8882f2a259fffff,73.0
8882f2a257fffff,299.0
8882f2a255fffff,72.0
8882f2a251fffff,12.0
8882f2a23bfffff,192.0
8882f2a239fffff,455.0
8882f2a237fffff,24.0
8882f2a233fffff,24.0
8882f2a231fffff,24.0
8882f2a21dfffff,275.0
8882f2a215fffff,623.0
8882f2a1e3fffff,156.0
8882f2a1d1fffff,24.0
8882f2a1bdfffff,83.0
8882f2a1bbfffff,1.0
8882f2a1b7fffff,791.0
8882f2a1b5fffff,1.0
8882f2a1b1fffff,155.0
8882f2a1abfffff,96.0
8882f2a19bfffff,12.0
8882f2a199fffff,646.0
8882f2a193fffff,2.0
8882f2a191fffff,47.0
8882f2a18dfffff,108.0
8882f2a185fffff,372.0
8882f2a163fffff,251.0
8882f2a139fffff,132.0
8882f2a10dfffff,132.0
8882f2a107fffff,191.0
8882f2a105fffff,4.0
8882f2a0ebfffff,143.0
8882f2a0e9fffff,108.0
8882f2a0e7fffff,96.0
8882f2a0e3fffff,96.0
8882f2a0e1fffff,48.0
8882f2a0d7fffff,431.0
8882f2a0d5fffff,132.0
8882f2a0d3fffff,1.0
8882f2a0c5fffff,407.0
8882f2a0bdfffff,179.0
8882f2a0b9fffff,115.0
8882f2a0b5fffff,167.0
8882f2a0adfffff,60.0
8882f2a0a5fffff,72.0
8882f2a09dfffff,12.0
8882f2a099fffff,65.0
8882f2a089fffff,12.0
8882f2a087fffff,204.0
8882f2a083fffff,263.0
8882f2a059fffff,707.0
8882f29937fffff,34.0
8882f2975bfffff,240.0
8882f29753fffff,12.0
8882f2972dfffff,227.0
8882f296dbfffff,12.0
8882f296d7fffff,144.0
8882f296d5fffff,311.0
8882f296d3fffff,2.0
8882f296d1fffff,108.0
8882f296a9fffff,299.0
8882f296a1fffff,3.0
8882f2968dfffff,48.0
8882f2968bfffff,108.0
8882f29689fffff,191.0
8882f29685fffff,264.0
8882f2962dfffff,36.0
8882f2960dfffff,24.0
8882f29605fffff,83.0
8882f294cdfffff,12.0
8882f294c9fffff,36.0
8882f294c7fffff,3.0
8882f294c1fffff,491.0
8882f294b9fffff,336.0
8882f294b1fffff,1.0
8882f29487fffff,204.0
8882f29483fffff,72.0
8882f29481fffff,36.0
8882f2940bfffff,467.0
8882f290d3fffff,48.0
8882f28ee5fffff,12.0
8882f28e37fffff,1.0
8882f28c5bfffff,37.0
8882f286ddfffff,52.0
8882f286bdfffff,1.0
8882f286b7fffff,36.0
8882f286b5fffff,1.0
8882f2868bfffff,1.0
8882f28687fffff,11.0
8882f2865bfffff,1.0
8882f28659fffff,1.0
8882f285d7fffff,11.0
8882f285d1fffff,144.0
8882f28597fffff,1.0
8882f284ebfffff,1.0
8882f284e1fffff,1.0
8882f284c7fffff,1.0
8882f284c1fffff,1.0
8882f27b11fffff,36.0
8882f27a81fffff,49.0
8882f27a4dfffff,12.0
8882f27a47fffff,3.0
8882f27919fffff,24.0
8882f278c3fffff,108.0
8882f278bbfffff,1.0
8882f27889fffff,131.0
8882f27733fffff,48.0
8882f2771dfffff,1.0
8882f2771bfffff,132.0
8882f27717fffff,155.0
8882f27715fffff,1.0
8882f27713fffff,204.0
8882f276e9fffff,503.0
8882f276e1fffff,1.0
8882f2766bfffff,11.0
8882f27669fffff,1.0
8882f27667fffff,1.0
8882f27663fffff,11.0
8882f27661fffff,12.0
8882f27659fffff,2.0
8882f27657fffff,3.0
8882f27653fffff,1.0
8882f2762bfffff,107.0
8882f27629fffff,96.0
8882f27627fffff,120.0
8882f27623fffff,107.0
8882f2761dfffff,96.0
8882f2761bfffff,1.0
8882f27617fffff,1.0
8882f27613fffff,132.0
8882f27611fffff,1.0
8882f2760bfffff,47.0
8882f27607fffff,1.0
8882f27603fffff,144.0
8882f2759dfffff,48.0
8882f27597fffff,131.0
8882f27595fffff,60.0
8882f27467fffff,72.0
8882f2745dfffff,1.0
8882f2744dfffff,95.0
8882f2744bfffff,1.0
8882f27449fffff,359.0
8882f27447fffff,108.0
8882f27443fffff,276.0
8882f27441fffff,12.0
8882f2742dfffff,24.0
8882f27425fffff,96.0
8882f2741dfffff,1.0
8882f2740bfffff,3.0
8882f272e5fffff,168.0
8882f272e1fffff,156.0
8882f272ddfffff,251.0
8882f272cbfffff,276.0
8882f272c3fffff,179.0
8882f272b9fffff,1.0
8882f272b3fffff,203.0
8882f2729bfffff,432.0
8882f27297fffff,131.0
8882f27295fffff,36.0
8882f27219fffff,1.0
8882f271e5fffff,3.0
8882f271e1fffff,2.0
8882f270e1fffff,1.0
8882f270d9fffff,347.0
8882f270d7fffff,623.0
8882f270d1fffff,395.0
8882f2709dfffff,455.0
8882f27095fffff,24.0
8882f27091fffff,36.0
8882f2708bfffff,84.0
8882f27089fffff,84.0
8882f27081fffff,3.0
8882f2705dfffff,12.0
8882f27059fffff,120.0
8882f27051fffff,24.0
8882f27047fffff,35.0
8882f27021fffff,1.0
8882f27015fffff,1.0
8882f26e99fffff,24.0
8882f26e35fffff,155.0
8882f26e21fffff,108.0
8882f26c9bfffff,48.0
8882f26c97fffff,36.0
8882f26c93fffff,96.0
8882f26c91fffff,60.0
8882f2675bfffff,2.0
8882f2666dfffff,119.0
8882f26667fffff,216.0
8882f26661fffff,24.0
8882f2664bfffff,98.0
8882f26647fffff,12.0
8882f26643fffff,23.0
8882f265e9fffff,240.0
8882f265cdfffff,60.0
8882f265c5fffff,181.0
8882f26567fffff,18.0
8882f26531fffff,12.0
8882f26529fffff,1.0
8882f26523fffff,1.0
8882f26521fffff,1.0
8882f26519fffff,1.0
8882f26513fffff,83.0
8882f26459fffff,167.0
8882f26455fffff,1.0
8882f26451fffff,419.0
8882f26427fffff,72.0
8882f26423fffff,86.0
8882f26421fffff,1.0
8882f26407fffff,44.0
8882f26405fffff,72.0
8882f2635dfffff,84.0
8882f2634bfffff,23.0
8882f26345fffff,36.0
8882f26343fffff,24.0
8882f26341fffff,132.0
8882f2626bfffff,13.0
8882f2625dfffff,155.0
8882f26259fffff,216.0
8882f26255fffff,132.0
8882f26253fffff,1.0
8882f26251fffff,227.0
8882f2624bfffff,419.0
8882f26239fffff,1.0
8882f26237fffff,60.0
8882f26231fffff,119.0
8882f260ebfffff,59.0
8882f260c7fffff,180.0
8882f260c1fffff,1.0
8882f2608dfffff,11.0
8882f26087fffff,1.0
8882f25b6bfffff,2.0
8882f25b65fffff,1080.0
8882f25b61fffff,126.0
8882f25b57fffff,879.0
8882f25b55fffff,2.0
8882f25b53fffff,427.0
8882f25b45fffff,52.0
8882f25b19fffff,67.0
8882f25b0dfffff,3.0
8882f25aedfffff,1.0
8882f25ae5fffff,1.0
8882f25ad3fffff,5.0
8882f25abdfffff,33.0
8882f25abbfffff,407.0
8882f25ab5fffff,255.0
8882f25ab1fffff,288.0
8882f25aa9fffff,423.0
8882f25aa7fffff,1797.0
8882f25aa1fffff,339.0
8882f25a97fffff,1102.0
8882f25a93fffff,746.0
8882f25a5dfffff,119.0
8882f25a59fffff,169.0
8882f25a55fffff,3.0
8882f25a51fffff,68.0
8882f25a3bfffff,34.0
8882f25a33fffff,373.0
8882f25a31fffff,1.0
8882f25a21fffff,34.0
8882f25a0bfffff,68.0
8882f25a03fffff,1.0
8882f25a01fffff,102.0
8882f259cdfffff,1181.0
8882f259c9fffff,376.0
8882f259c5fffff,101.0
8882f2593dfffff,1599.0
8882f2593bfffff,50.0
8882f25939fffff,503.0
8882f25935fffff,402.0
8882f2592dfffff,175.0
8882f2592bfffff,302.0
8882f25923fffff,2763.0
8882f25921fffff,1.0
8882f25917fffff,251.0
8882f25915fffff,1005.0
8882f25913fffff,301.0
8882f258ddfffff,729.0
8882f258dbfffff,1.0
8882f258d9fffff,1.0
8882f258cdfffff,1.0
8882f258cbfffff,287.0
8882f258c9fffff,576.0
8882f258b1fffff,119.0
8882f25887fffff,305.0
8882f25881fffff,102.0
8882f2585dfffff,1.0
8882f25853fffff,2.0
8882f25851fffff,1.0
8882f2583dfffff,250.0
8882f2583bfffff,560.0
8882f25835fffff,829.0
8882f25831fffff,1091.0
8882f2581dfffff,26.0
8882f2581bfffff,593.0
8882f25817fffff,323.0
8882f25813fffff,254.0
8882f25811fffff,68.0
8882f25765fffff,84.0
8882f25763fffff,1.0
8882f2575dfffff,17.0
8882f25755fffff,254.0
8882f25751fffff,119.0
8882f25743fffff,135.0
8882f2573dfffff,34.0
8882f2573bfffff,1.0
8882f25737fffff,678.0
8882f25735fffff,390.0
8882f25731fffff,1.0
8882f2572bfffff,169.0
8882f25729fffff,1.0
8882f25727fffff,1339.0
8882f25723fffff,542.0
8882f25717fffff,1.0
8882f25715fffff,1.0
8882f25713fffff,1.0
8882f2570bfffff,84.0
8882f25709fffff,101.0
8882f25707fffff,85.0
8882f25705fffff,187.0
8882f25701fffff,118.0
8882f256edfffff,1.0
8882f256cdfffff,1.0
8882f256cbfffff,1.0
8882f256c9fffff,1.0
8882f256b7fffff,321.0
8882f256b3fffff,525.0
8882f25665fffff,1.0
8882f25645fffff,119.0
8882f2563bfffff,17.0
8882f25637fffff,1.0
8882f25633fffff,1.0
8882f25631fffff,1.0
8882f25617fffff,1.0
8882f25613fffff,1.0
8882f255e7fffff,49.0
8882f255e5fffff,119.0
8882f255d9fffff,67.0
8882f255cbfffff,2.0
8882f255c3fffff,119.0
8882f2556dfffff,2.0
8882f2556bfffff,51.0
8882f25569fffff,204.0
8882f2555dfffff,406.0
8882f25553fffff,933.0
8882f25551fffff,339.0
8882f2554dfffff,2237.0
8882f2554bfffff,3.0
8882f25549fffff,50.0
8882f25545fffff,695.0
8882f25541fffff,187.0
8882f25529fffff,1.0
8882f25527fffff,84.0
8882f25521fffff,407.0
8882f254ebfffff,288.0
8882f254e5fffff,305.0
8882f254e1fffff,322.0
8882f254d9fffff,102.0
8882f254cbfffff,68.0
8882f254c7fffff,136.0
8882f254c3fffff,220.0
8882f25465fffff,1.0
8882f2544dfffff,1.0
8882f2544bfffff,1.0
8882f25449fffff,1.0
8882f25437fffff,422.0
8882f25435fffff,407.0
8882f25433fffff,85.0
8882f25431fffff,101.0
8882f2542dfffff,187.0
8882f25423fffff,203.0
8882f25421fffff,611.0
8882f2534dfffff,50.0
8882f25335fffff,289.0
8882f25323fffff,712.0
8882f25321fffff,1.0
8882f252ddfffff,50.0
8882f252d7fffff,1.0
8882f252d5fffff,220.0
8882f252cbfffff,1.0
8882f252bbfffff,220.0
8882f252b9fffff,5.0
8882f252b3fffff,627.0
8882f2529dfffff,51.0
8882f25295fffff,576.0
8882f251d7fffff,136.0
8882f251bbfffff,237.0
8882f251b7fffff,119.0
8882f251b3fffff,847.0
8882f251adfffff,254.0
8882f2519bfffff,1.0
8882f2518bfffff,68.0
8882f25187fffff,68.0
8882f25183fffff,101.0
8882f25181fffff,102.0
8882f2516bfffff,17.0
8882f25169fffff,797.0
8882f25141fffff,1.0
8882f250ebfffff,169.0
8882f250e3fffff,102.0
8882f250ddfffff,136.0
8882f250dbfffff,50.0
8882f250d9fffff,441.0
8882f250d7fffff,712.0
8882f250d3fffff,153.0
8882f250d1fffff,305.0
8882f250c3fffff,288.0
8882f250bbfffff,356.0
8882f250b5fffff,102.0
8882f250b3fffff,1.0
8882f250b1fffff,253.0
8882f250a9fffff,68.0
8882f250a5fffff,51.0
8882f2509bfffff,2492.0
8882f25099fffff,390.0
8882f25097fffff,1.0
8882f25095fffff,237.0
8882f25093fffff,2237.0
8882f25091fffff,492.0
8882f2508dfffff,11.0
8882f2508bfffff,84.0
8882f25089fffff,1.0
8882f25085fffff,136.0
8882f25017fffff,4.0
8882f25013fffff,17.0
8882f24edbfffff,12.0
8882f24ed9fffff,24.0
8882f24ce7fffff,1.0
8882f24cbbfffff,13.0
8882f24cb7fffff,47.0
8882f24b3dfffff,34.0
8882f24b3bfffff,153.0
8882f24b39fffff,51.0
8882f24b33fffff,85.0
8882f24ad5fffff,33.0
8882f2492dfffff,26.0
8882f24865fffff,118.0
8882f2483dfffff,34.0
8882f24839fffff,85.0
8882f24831fffff,34.0
8882f2482bfffff,68.0
8882f24821fffff,50.0
8882f24817fffff,1.0
8882f24811fffff,68.0
8882f2454dfffff,142.0
8882f24537fffff,168.0
8882f244d1fffff,106.0
8882f244abfffff,12.0
8882f2436dfffff,1.0
8882f2436bfffff,1.0
8882f24367fffff,1.0
8882f24365fffff,1.0
8882f24363fffff,1.0
8882f2435bfffff,1.0
8882f24355fffff,1.0
8882f24351fffff,1.0
8882f2434dfffff,183.0
8882f2434bfffff,865.0
8882f24349fffff,492.0
8882f2430dfffff,33.0
8882f24309fffff,1.0
8882f242ebfffff,254.0
8882f242e3fffff,187.0
8882f242dbfffff,135.0
8882f242c7fffff,17.0
8882f242c5fffff,34.0
8882f242c1fffff,34.0
8882f242bbfffff,1.0
8882f242b9fffff,68.0
8882f242adfffff,50.0
8882f2429dfffff,2.0
8882f24295fffff,322.0
8882f2428bfffff,136.0
8882f2426dfffff,915.0
8882f24269fffff,204.0
8882f24267fffff,1.0
8882f24263fffff,1.0
8882f2425dfffff,1.0
8882f2424dfffff,202.0
8882f24249fffff,763.0
8882f24247fffff,1.0
8882f24245fffff,203.0
8882f24243fffff,1.0
8882f24209fffff,17.0
8882f24157fffff,51.0
8882f24153fffff,101.0
8882f2410bfffff,119.0
8882f24103fffff,102.0
8882f24101fffff,118.0
8882f2402bfffff,458.0
8882f2400bfffff,102.0
8882f24007fffff,152.0
8882f24001fffff,17.0
8882f23b6dfffff,2719.0
8882f23b6bfffff,3389.0
8882f23b69fffff,2611.0
8882f23b67fffff,2994.0
8882f23b65fffff,3174.0
8882f23b63fffff,1749.0
8882f23b61fffff,2491.0
8882f23b5dfffff,2108.0
8882f23b5bfffff,1317.0
8882f23b59fffff,120.0
8882f23b57fffff,2240.0
8882f23b55fffff,3413.0
8882f23b53fffff,2180.0
8882f23b51fffff,2120.0
8882f23b4dfffff,1940.0
8882f23b4bfffff,910.0
8882f23b49fffff,1006.0
8882f23b47fffff,3270.0
8882f23b45fffff,2263.0
8882f23b43fffff,3498.0
8882f23b41fffff,886.0
8882f23b3dfffff,5090.0
8882f23b3bfffff,4192.0
8882f23b39fffff,5341.0
8882f23b37fffff,3593.0
8882f23b35fffff,5174.0
8882f23b33fffff,5845.0
8882f23b31fffff,5868.0
8882f23b2dfffff,3905.0
8882f23b2bfffff,4084.0
8882f23b29fffff,4563.0
8882f23b27fffff,5581.0
8882f23b25fffff,3629.0
8882f23b23fffff,5054.0
8882f23b21fffff,5402.0
8882f23b1dfffff,4994.0
8882f23b1bfffff,4647.0
8882f23b19fffff,4216.0
8882f23b17fffff,5078.0
8882f23b15fffff,4946.0
8882f23b13fffff,4815.0
8882f23b11fffff,5078.0
8882f23b0dfffff,3677.0
8882f23b0bfffff,3641.0
8882f23b09fffff,4203.0
8882f23b07fffff,5989.0
8882f23b05fffff,3868.0
8882f23b03fffff,5450.0
8882f23b01fffff,5581.0
8882f23a6dfffff,1065.0
8882f23a6bfffff,12.0
8882f23a69fffff,347.0
8882f23a67fffff,2599.0
8882f23a65fffff,348.0
8882f23a63fffff,1844.0
8882f23a61fffff,1234.0
8882f23a5dfffff,72.0
8882f23a5bfffff,263.0
8882f23a57fffff,695.0
8882f23a55fffff,24.0
8882f23a53fffff,95.0
8882f23a51fffff,24.0
8882f23a4dfffff,108.0
8882f23a4bfffff,132.0
8882f23a47fffff,12.0
8882f23a45fffff,12.0
8882f23a43fffff,96.0
8882f23a41fffff,120.0
8882f23a3dfffff,1556.0
8882f23a39fffff,1186.0
8882f23a35fffff,1928.0
8882f23a31fffff,1258.0
8882f23a2dfffff,2826.0
8882f23a2bfffff,1437.0
8882f23a29fffff,1869.0
8882f23a27fffff,3437.0
8882f23a25fffff,4779.0
8882f23a23fffff,144.0
8882f23a21fffff,2431.0
8882f23a1dfffff,601.0
8882f23a15fffff,89.0
8882f23a0dfffff,108.0
8882f23a0bfffff,599.0
8882f23a09fffff,1150.0
8882f23a07fffff,754.0
8882f23a05fffff,1.0
8882f23a03fffff,814.0
8882f23a01fffff,132.0
8882f2396dfffff,12.0
8882f2396bfffff,1078.0
8882f23969fffff,179.0
8882f23965fffff,1.0
8882f23963fffff,156.0
8882f23961fffff,1.0
8882f2395dfffff,5389.0
8882f2395bfffff,4755.0
8882f23959fffff,4359.0
8882f23955fffff,4568.0
8882f23953fffff,405.0
8882f23951fffff,5019.0
8882f2394dfffff,2084.0
8882f2394bfffff,4730.0
8882f23949fffff,4444.0
8882f23947fffff,2287.0
8882f23945fffff,156.0
8882f23943fffff,3521.0
8882f23941fffff,144.0
8882f2392bfffff,599.0
8882f23929fffff,12.0
8882f23927fffff,1.0
8882f23925fffff,2.0
8882f23921fffff,72.0
8882f2390dfffff,1162.0
8882f2390bfffff,1618.0
8882f23909fffff,2874.0
8882f23905fffff,1.0
8882f23901fffff,1593.0
8882f2386dfffff,5185.0
8882f2386bfffff,5043.0
8882f23869fffff,3209.0
8882f23867fffff,5617.0
8882f23865fffff,5725.0
8882f23863fffff,5629.0
8882f23861fffff,5462.0
8882f2384dfffff,3916.0
8882f2384bfffff,1018.0
8882f23849fffff,288.0
8882f23847fffff,4048.0
8882f23845fffff,5449.0
8882f23843fffff,539.0
8882f23841fffff,3353.0
8882f23337fffff,1.0
8882f23333fffff,1.0
8882f23311fffff,1.0
8882f232edfffff,71.0
8882f232e9fffff,1.0
8882f232c5fffff,192.0
8882f23245fffff,1.0
8882f23237fffff,132.0
8882f23235fffff,1.0
8882f23233fffff,71.0
8882f2321bfffff,12.0
8882f2316dfffff,1.0
8882f2316bfffff,1.0
8882f23169fffff,1.0
8882f23167fffff,143.0
8882f23165fffff,1.0
8882f23163fffff,143.0
8882f23161fffff,12.0
8882f2315dfffff,5.0
8882f2315bfffff,60.0
8882f23155fffff,143.0
8882f23147fffff,3.0
8882f23145fffff,12.0
8882f23141fffff,1.0
8882f2312dfffff,278.0
8882f2310dfffff,65.0
8882f23109fffff,380.0
8882f23065fffff,48.0
8882f23061fffff,168.0
8882f23047fffff,228.0
8882f23045fffff,24.0
8882f23041fffff,90.0
8882f219e5fffff,1.0
8882f219e3fffff,1.0
8882f219e1fffff,1.0
8882f2199dfffff,17.0
8882f21993fffff,1.0
8882f2198dfffff,1.0
8882f2198bfffff,16.0
8882f21983fffff,1.0
8882f21981fffff,1.0
8882f2196dfffff,67.0
8882f2196bfffff,881.0
8882f21937fffff,18.0
8882f21933fffff,1.0
8882f2191bfffff,67.0
8882f2190bfffff,204.0
8882f21909fffff,118.0
8882f218bbfffff,252.0
8882f218b9fffff,383.0
8882f21887fffff,12.0
8882f21883fffff,12.0
8882f2183dfffff,68.0
8882f2183bfffff,491.0
8882f21833fffff,305.0
8882f21831fffff,136.0
8882f21827fffff,322.0
8882f21823fffff,339.0
8882f216ebfffff,479.0
8882f216e9fffff,419.0
8882f216e3fffff,60.0
8882f216cdfffff,108.0
8882f216c9fffff,347.0
8882f216c5fffff,144.0
8882f216c1fffff,48.0
8882f216b5fffff,24.0
8882f216abfffff,36.0
8882f21687fffff,24.0
8882f21685fffff,371.0
8882f21681fffff,3.0
8882f21653fffff,60.0
8882f2163bfffff,60.0
8882f21639fffff,1.0
8882f2161bfffff,718.0
8882f21619fffff,36.0
8882f21617fffff,72.0
8882f214e3fffff,12.0
8882f214c9fffff,72.0
8882f214c7fffff,1.0
8882f214abfffff,59.0
8882f214a9fffff,12.0
8882f214a7fffff,108.0
8882f214a1fffff,623.0
8882f21485fffff,143.0
8882f21457fffff,24.0
8882f21419fffff,408.0
8882f2140bfffff,215.0
8882f211c7fffff,17.0
8882f211c3fffff,1.0
8882f2114bfffff,18.0
8882f2113dfffff,17.0
8882f210e1fffff,1.0
8882f210cbfffff,1.0
8882f20f67fffff,1.0
8882f20f59fffff,1.0
8882f20f51fffff,1.0
8882f20f4dfffff,10.0
8882f20f07fffff,12.0
8882f20eebfffff,12.0
8882f20ee7fffff,96.0
8882f20ee3fffff,1.0
8882f20ee1fffff,1.0
8882f20ed7fffff,95.0
8882f20ecdfffff,47.0
8882f20ec7fffff,288.0
8882f20ec5fffff,60.0
8882f20ec1fffff,179.0
8882f20ebdfffff,36.0
8882f20ebbfffff,2096.0
8882f20eb9fffff,60.0
8882f20eb7fffff,24.0
8882f20eb5fffff,84.0
8882f20eb3fffff,1018.0
8882f20eb1fffff,192.0
8882f20eadfffff,24.0
8882f20eabfffff,155.0
8882f20ea9fffff,96.0
8882f20ea3fffff,192.0
8882f20ea1fffff,84.0
8882f20e9dfffff,838.0
8882f20e9bfffff,1222.0
8882f20e99fffff,718.0
8882f20e97fffff,2012.0
8882f20e95fffff,599.0
8882f20e93fffff,2407.0
8882f20e91fffff,1402.0
8882f20e8bfffff,1030.0
8882f20e89fffff,694.0
8882f20e83fffff,36.0
8882f20e81fffff,132.0
8882f20e69fffff,1.0
8882f20e53fffff,35.0
8882f20e39fffff,372.0
8882f20e1dfffff,143.0
8882f20e1bfffff,1.0
8882f20e19fffff,1.0
8882f20e15fffff,335.0
8882f20e13fffff,467.0
8882f20e11fffff,1030.0
8882f20e0bfffff,1.0
8882f20e07fffff,24.0
8882f20e03fffff,371.0
8882f20debfffff,395.0
8882f20de7fffff,300.0
8882f20de3fffff,335.0
8882f20de1fffff,156.0
8882f20dddfffff,443.0
8882f20dd5fffff,263.0
8882f20dd1fffff,1.0
8882f20dcdfffff,132.0
8882f20dc9fffff,287.0
8882f20dc5fffff,48.0
8882f20dadfffff,1.0
8882f20da9fffff,407.0
8882f20da7fffff,155.0
8882f20da1fffff,192.0
8882f20d97fffff,120.0
8882f20d95fffff,144.0
8882f20d91fffff,12.0
8882f20d6dfffff,59.0
8882f20d6bfffff,935.0
8882f20d69fffff,239.0
8882f20d63fffff,347.0
8882f20d57fffff,396.0
8882f20d55fffff,575.0
8882f20d53fffff,35.0
8882f20d47fffff,456.0
8882f20d45fffff,95.0
8882f20d43fffff,252.0
8882f20d2dfffff,12.0
8882f20d19fffff,347.0
8882f20d0dfffff,168.0
8882f20d09fffff,383.0
8882f20ce7fffff,1.0
8882f20ce3fffff,119.0
8882f20cddfffff,551.0
8882f20cdbfffff,2779.0
8882f20cd9fffff,515.0
8882f20cd7fffff,479.0
8882f20cd5fffff,1006.0
8882f20cd3fffff,3641.0
8882f20cd1fffff,1497.0
8882f20ccbfffff,276.0
8882f20cc9fffff,47.0
8882f20cc7fffff,456.0
8882f20cc5fffff,215.0
8882f20cc3fffff,1569.0
8882f20cc1fffff,563.0
8882f20cbbfffff,2.0
8882f20cb9fffff,24.0
8882f20cb7fffff,1.0
8882f20cb3fffff,59.0
8882f20ca9fffff,72.0
8882f20c9dfffff,2252.0
8882f20c9bfffff,5293.0
8882f20c99fffff,2599.0
8882f20c97fffff,503.0
8882f20c95fffff,168.0
8882f20c93fffff,383.0
8882f20c91fffff,1773.0
8882f20c8dfffff,72.0
8882f20c8bfffff,311.0
8882f20c89fffff,252.0
8882f20c85fffff,1.0
8882f20c83fffff,47.0
8882f20c3dfffff,814.0
8882f20c3bfffff,312.0
8882f20c39fffff,287.0
8882f20c37fffff,156.0
8882f20c35fffff,419.0
8882f20c33fffff,1.0
8882f20c31fffff,479.0
8882f20c2bfffff,48.0
8882f20c27fffff,479.0
8882f20c25fffff,335.0
8882f20c23fffff,587.0
8882f20c21fffff,1.0
8882f20c1bfffff,1.0
8882f20c17fffff,406.0
8882f20c15fffff,372.0
8882f20c13fffff,191.0
8882f20c11fffff,36.0
8882f20c07fffff,288.0
8882f20b6dfffff,457.0
8882f20b63fffff,68.0
8882f20b61fffff,221.0
8882f20b3dfffff,1.0
8882f20b3bfffff,24.0
8882f20b39fffff,48.0
8882f20b33fffff,227.0
8882f20b31fffff,12.0
8882f20b0dfffff,424.0
8882f20b07fffff,24.0
8882f20b05fffff,186.0
8882f20ad5fffff,12.0
8882f20ad1fffff,1.0
8882f20a97fffff,1.0
8882f20a8bfffff,47.0
8882f20a5dfffff,1.0
8882f20a5bfffff,2.0
8882f20a53fffff,3.0
8882f20a51fffff,2.0
8882f20a4dfffff,1.0
8882f20a4bfffff,11.0
8882f20a49fffff,1.0
8882f20a41fffff,1.0
8882f209d7fffff,1.0
8882f209d3fffff,179.0
8882f209c3fffff,1.0
8882f20999fffff,47.0
8882f20953fffff,1.0
8882f208edfffff,179.0
8882f208ebfffff,300.0
8882f208e9fffff,215.0
8882f208e5fffff,2.0
8882f208e1fffff,84.0
8882f208d1fffff,1.0
8882f208cdfffff,60.0
8882f2089dfffff,1.0
8882f20897fffff,2.0
8882f20895fffff,1.0
8882f20891fffff,167.0
8882f2088dfffff,96.0
8882f2088bfffff,1.0
8882f20883fffff,48.0
8882f20881fffff,1018.0
8882f2086bfffff,1.0
8882f20865fffff,47.0
8882f2083dfffff,168.0
8882f2083bfffff,216.0
8882f20839fffff,359.0
8882f2082bfffff,239.0
8882f20829fffff,372.0
8882f20823fffff,1.0
8882f20821fffff,2.0
8882f20817fffff,312.0
8882f20807fffff,36.0
8882f20739fffff,1.0
8882f2071dfffff,11.0
8882f20719fffff,36.0
8882f20707fffff,264.0
8882f20703fffff,131.0
8882f20701fffff,1.0
8882f206d7fffff,407.0
8882f206d1fffff,228.0
8882f206bdfffff,72.0
8882f206b9fffff,35.0
8882f206b5fffff,180.0
8882f206b1fffff,96.0
8882f206adfffff,24.0
8882f206a7fffff,203.0
8882f206a5fffff,348.0
8882f2069dfffff,191.0
8882f20683fffff,96.0
8882f2066bfffff,1.0
8882f2064dfffff,156.0
8882f20647fffff,467.0
8882f20645fffff,563.0
8882f20641fffff,84.0
8882f20637fffff,287.0
8882f20635fffff,396.0
8882f20625fffff,24.0
8882f2060dfffff,515.0
8882f20609fffff,12.0
8882f20607fffff,131.0
8882f20605fffff,2.0
8882f20601fffff,191.0
8882f205ebfffff,24.0
8882f205e9fffff,1.0
8882f205e1fffff,1.0
8882f205dbfffff,156.0
8882f205d7fffff,1.0
8882f205d3fffff,48.0
8882f205cdfffff,1.0
8882f205c5fffff,95.0
8882f205c1fffff,1.0
8882f205bdfffff,36.0
8882f205b9fffff,1.0
8882f205b7fffff,790.0
8882f205b5fffff,191.0
8882f205b3fffff,1.0
8882f205adfffff,1.0
8882f205abfffff,323.0
8882f205a9fffff,1.0
8882f205a7fffff,107.0
8882f205a5fffff,108.0
8882f205a3fffff,850.0
8882f205a1fffff,204.0
8882f2059dfffff,228.0
8882f2059bfffff,167.0
8882f20599fffff,372.0
8882f20597fffff,119.0
8882f20593fffff,12.0
8882f20591fffff,623.0
8882f2058dfffff,180.0
8882f2058bfffff,191.0
8882f20589fffff,515.0
8882f20585fffff,348.0
8882f20583fffff,1.0
8882f20581fffff,275.0
8882f20557fffff,108.0
8882f2054dfffff,347.0
8882f20547fffff,72.0
8882f20545fffff,1.0
8882f20541fffff,156.0
8882f20537fffff,1.0
8882f20521fffff,1.0
8882f2051dfffff,1.0
8882f2051bfffff,214.0
8882f20519fffff,120.0
8882f20513fffff,239.0
8882f20511fffff,84.0
8882f2050dfffff,1.0
8882f2050bfffff,48.0
8882f20509fffff,12.0
8882f20501fffff,1.0
8882f204edfffff,83.0
8882f204ebfffff,24.0
8882f204e9fffff,144.0
8882f204e7fffff,359.0
8882f204e5fffff,431.0
8882f204e3fffff,24.0
8882f204e1fffff,443.0
8882f204cdfffff,96.0
8882f204cbfffff,2.0
8882f204c9fffff,168.0
8882f204c7fffff,1.0
8882f204c5fffff,180.0
8882f204c1fffff,659.0
8882f204bdfffff,1.0
8882f204b9fffff,1.0
8882f204b3fffff,1.0
8882f204adfffff,214.0
8882f204abfffff,48.0
8882f204a7fffff,12.0
8882f204a5fffff,311.0
8882f2045bfffff,216.0
8882f20459fffff,323.0
8882f20453fffff,2.0
8882f2044bfffff,96.0
8882f20443fffff,36.0
8882f2041bfffff,2.0
8882f2033bfffff,1.0
8882f2031dfffff,1.0
8882f202a9fffff,274.0
8882f202a1fffff,84.0
8882f20285fffff,168.0
8882f20225fffff,1.0
8882f201ebfffff,167.0
8882f201c7fffff,48.0
8882f20167fffff,216.0
8882f20163fffff,12.0
8882f20157fffff,1.0
8882f2011bfffff,1.0
8882f20119fffff,1.0
8882f2010dfffff,22.0
8882f2010bfffff,12.0
8882f20105fffff,12.0
8882f20101fffff,2.0
8882f200edfffff,1.0
8882f200ebfffff,1.0
8882f200e9fffff,47.0
8882f200c5fffff,12.0
8882f2009dfffff,36.0
8882f2009bfffff,252.0
8882f20099fffff,83.0
8882f20097fffff,1.0
8882f20091fffff,1.0
8882f2008dfffff,1.0
8882f2008bfffff,1.0
8882f20089fffff,107.0
8882f20083fffff,1.0
8882f20081fffff,1.0
8882f20057fffff,11.0
8882f20047fffff,24.0
8882f20045fffff,167.0
8882f2003bfffff,24.0
8882f20037fffff,132.0
8882f20033fffff,1.0
8882f2002bfffff,1.0
8882f20027fffff,1.0
8882f20021fffff,1.0
8882f2001dfffff,22.0
8882f20019fffff,192.0
8882f20017fffff,252.0
8882f20013fffff,539.0
8882f20011fffff,1.0
8882f2000bfffff,47.0
8882f20005fffff,1.0
8882f20003fffff,24.0
8882f07b41fffff,1.0
8882f07ae3fffff,491.0
8882f07ab3fffff,12.0
8882f07a9dfffff,1.0
8882f07a9bfffff,59.0
8882f07a99fffff,204.0
8882f07a93fffff,419.0
8882f07a89fffff,1.0
8882f07a5bfffff,132.0
8882f07a19fffff,12.0
8882f079cdfffff,287.0
8882f079abfffff,479.0
8882f079a1fffff,1.0
8882f07997fffff,23.0
8882f07995fffff,60.0
8882f07993fffff,54.0
8882f07991fffff,479.0
8882f0798dfffff,60.0
8882f07987fffff,275.0
8882f07985fffff,108.0
8882f0791bfffff,1.0
8882f07913fffff,228.0
8882f078ddfffff,12.0
8882f078d9fffff,443.0
8882f078d1fffff,11.0
8882f078bdfffff,132.0
8882f0788bfffff,180.0
8882f07887fffff,1.0
8882f07883fffff,443.0
8882f07823fffff,1.0
8882f07811fffff,1.0
8882f0718dfffff,395.0
8882f07145fffff,599.0
8882f07127fffff,1.0
8882f06b45fffff,23.0
8882f06b2dfffff,12.0
8882f06369fffff,129.0
8882f0634dfffff,286.0
8882f06345fffff,17.0
8882f059e7fffff,4.0
8882f059d3fffff,192.0
8882f059adfffff,1.0
8882f0599dfffff,1.0
8882f05999fffff,430.0
8882f0598dfffff,276.0
8882f0598bfffff,24.0
8882f05989fffff,132.0
8882f058bdfffff,156.0
8882f058bbfffff,12.0
8882f058b9fffff,12.0
8882f058adfffff,2.0
8882f058abfffff,360.0
8882f058a9fffff,12.0
8882f058a5fffff,658.0
8882f058a1fffff,60.0
8882f05895fffff,84.0
8882f05893fffff,72.0
8882f05887fffff,300.0
8882f04f3bfffff,73.0
8882f04f1bfffff,456.0
8882f04f17fffff,83.0
8882f04f11fffff,168.0
8882f04e6dfffff,36.0
8882f04e69fffff,60.0
8882f04e67fffff,84.0
8882f04e61fffff,215.0
8882f04e2dfffff,120.0
8882f04e25fffff,287.0
8882f04debfffff,647.0
8882f04dc7fffff,108.0
8882f04dabfffff,1.0
8882f04da1fffff,395.0
8882f04d8dfffff,144.0
8882f04d85fffff,1.0
8882f04d5bfffff,24.0
8882f04d59fffff,131.0
8882f04d57fffff,288.0
8882f04d51fffff,539.0
8882f04d19fffff,60.0
8882f04c65fffff,191.0
8882f04965fffff,26.0
8882f04963fffff,1.0
8882f04961fffff,1.0
8882f0493dfffff,1.0
8882f0492bfffff,2.0
8882f04929fffff,1.0
8882f04727fffff,24.0
8882f04725fffff,1.0
8882f04721fffff,251.0
8882f0458bfffff,12.0
8882f0453bfffff,4.0
8882f04517fffff,108.0
8882f04515fffff,982.0
8882f044bdfffff,84.0
8882f044a1fffff,108.0
8882f04291fffff,108.0
8882f041edfffff,6.0
8882f041d9fffff,1.0
8882f041d3fffff,59.0
8882f041c7fffff,1.0
8882f0419bfffff,24.0
8882f04199fffff,84.0
8882f04195fffff,12.0
8882f04139fffff,1.0
8882f04115fffff,1.0
8882f04107fffff,1.0
8882f040e9fffff,1.0
8882f040d5fffff,1.0
8882f0403bfffff,275.0
8882f04039fffff,276.0
8882f04033fffff,538.0
8882f04029fffff,312.0
8882f04017fffff,1.0
8882f04007fffff,35.0
8882f04005fffff,24.0
8882f04003fffff,12.0
8882f04001fffff,24.0
8882d4d6edfffff,12.0
8882d4d6e9fffff,1.0
8882d4d6cdfffff,1.0
8882d4d6c1fffff,14.0
8882d49b6dfffff,72.0
8882d49b69fffff,60.0
8882d49b61fffff,60.0
8882d49b2dfffff,36.0
8882d49b27fffff,27.0
8882d49b25fffff,1.0
8882d49b21fffff,24.0
8882d4996bfffff,11.0
8882d49969fffff,72.0
8882d49963fffff,12.0
8882d4994dfffff,71.0
8882d49945fffff,52.0
8882d1db6dfffff,1231.0
8882d1db69fffff,1386.0
8882d1db65fffff,359.0
8882d1db47fffff,565.0
8882d1db3bfffff,1.0
8882d1db37fffff,769.0
8882d1db2bfffff,1591.0
8882d1db27fffff,154.0
8882d1db09fffff,205.0
8882d1da5dfffff,4721.0
8882d1da4bfffff,1283.0
8882d1d9c7fffff,155.0
8882d1d9c1fffff,975.0
8882d1d8c7fffff,51.0
8882d1d8a9fffff,1.0
8882d1d857fffff,667.0
8882d1d81bfffff,410.0
8882d1d819fffff,513.0
8882d1d813fffff,52.0
8882d1d205fffff,513.0
8882d1d043fffff,154.0
8882d1cb13fffff,1.0
8882d1caedfffff,308.0
8882d1cac5fffff,4.0
8882d1ca3bfffff,1.0
8882d1ca37fffff,50.0
8882d1ca33fffff,1.0
8882d1ca23fffff,51.0
8882d1c9e7fffff,3.0
8882d1c913fffff,462.0
8882d1c845fffff,1.0
8882d1c36bfffff,104.0
8882d1c363fffff,1.0
8882d1c311fffff,821.0
8882d1c30dfffff,564.0
8882d1c301fffff,206.0
8882d1c16dfffff,3.0
8882d1c15dfffff,51.0
8882d1c155fffff,21.0
8882d1c153fffff,1.0
8882d1c0d1fffff,6.0
8882d1c03bfffff,103.0
8882d1c033fffff,1.0
8882d1c017fffff,1.0
8882d0aeb7fffff,821.0
8882d0aeb5fffff,52.0
8882d0aea7fffff,410.0
8882d0ae8dfffff,517.0
8882d0ae8bfffff,410.0
8882d0ae89fffff,1745.0
8882d0ae85fffff,1.0
8882d0ae81fffff,821.0
8882d0addbfffff,462.0
8882d0add1fffff,975.0
8882d0adbdfffff,462.0
8882d0adb1fffff,51.0
8882d0acd5fffff,154.0
8882d0acd3fffff,51.0
8882d0accdfffff,359.0
8882d0acc5fffff,1796.0
8882d0acc3fffff,462.0
8882d0ac9dfffff,719.0
8882d0ac8bfffff,102.0
8882d0ac89fffff,360.0
8882d0ac39fffff,821.0
8882d0ac23fffff,51.0
8882d0ac13fffff,51.0
8882d0ac03fffff,308.0
8882d0a5c5fffff,770.0
8882d0a553fffff,1283.0
8882d0a53dfffff,154.0
8882d0a535fffff,102.0
8882d0a4bdfffff,1848.0
8882d0a4b7fffff,4516.0
8882d0a4b5fffff,1847.0
8882d03abbfffff,20.0
8882d03ab3fffff,380.0
8882d03a9bfffff,127.0
8882d03a95fffff,633.0
8882d03a91fffff,3291.0
8882d038d9fffff,5570.0
8882d038d7fffff,1013.0
8882d038bbfffff,1645.0
8882d0389dfffff,127.0
8882d0389bfffff,5696.0
8882d03897fffff,23293.0
8882d03893fffff,4430.0
8882d03891fffff,127.0
8882d0376dfffff,616.0
8882d03769fffff,821.0
8882d035cdfffff,6.0
8882d035c9fffff,2.0
8882d0345bfffff,1.0
8882d032bdfffff,359.0
8882d032bbfffff,1.0
8882d032a7fffff,1.0
8882d03297fffff,51.0
8882d03293fffff,308.0
8882d031d3fffff,2784.0
8882d031a9fffff,1.0
8882d031a7fffff,2785.0
8882d031a3fffff,1013.0
8882d031a1fffff,6329.0
8882d03189fffff,128.0
8882d03183fffff,1.0
8882d03181fffff,5443.0
8882d030ebfffff,380.0
8882d030e3fffff,759.0
8882d030c7fffff,1393.0
8882d030adfffff,506.0
8882d0308dfffff,380.0
8882d03087fffff,126.0
8882d03085fffff,2.0
8882d02eddfffff,143.0
8882d02edbfffff,6.0
8882d02ed9fffff,39.0
8882d02ed7fffff,34.0
8882d02ed5fffff,63.0
8882d02ed3fffff,16.0
8882d02ed1fffff,7.0
8882d02ecdfffff,274.0
8882d02ecbfffff,56.0
8882d02ec9fffff,126.0
8882d02ec3fffff,174.0
8882d02ec1fffff,109.0
8882d02e99fffff,50.0
8882d02e6dfffff,18103.0
8882d02e6bfffff,8354.0
8882d02e69fffff,29494.0
8882d02e63fffff,1012.0
8882d02e61fffff,22407.0
8882d02e5dfffff,389.0
8882d02e5bfffff,359.0
8882d02e59fffff,261.0
8882d02e57fffff,1035.0
8882d02e55fffff,1112.0
8882d02e53fffff,516.0
8882d02e51fffff,615.0
8882d02e4dfffff,507.0
8882d02e4bfffff,126.0
8882d02e49fffff,507.0
8882d02e47fffff,126.0
8882d02e45fffff,127.0
8882d02e43fffff,588.0
8882d02e41fffff,127.0
8882d02e1dfffff,688.0
8882d02e1bfffff,435.0
8882d02e19fffff,1094.0
8882d02e11fffff,391.0
8882d02e0dfffff,380.0
8882d02e0bfffff,1007.0
8882d02e09fffff,1266.0
8882d02e05fffff,886.0
8882d02e01fffff,1012.0
8882d02ac5fffff,4178.0
8882d02a5dfffff,127.0
8882d02a57fffff,127.0
8882d02a53fffff,253.0
8882d02a51fffff,1.0
8882d02a17fffff,2912.0
8882d02a15fffff,5.0
8882d02a13fffff,2278.0
8882d02a11fffff,1266.0
8882d02743fffff,1.0
8882d0271dfffff,2.0
8882d02717fffff,127.0
8882d026e3fffff,1.0
8882d026d7fffff,58.0
8882d026d3fffff,1.0
8882d026bbfffff,2.0
8882d026b9fffff,12.0
8882d026b5fffff,3.0
8882d026b1fffff,2.0
8882d026abfffff,12.0
8882d026a9fffff,1.0
8882d026a7fffff,1.0
8882d0269dfffff,9.0
8882d02699fffff,3.0
8882d02697fffff,5.0
8882d02691fffff,1.0
8882d0268bfffff,10.0
8882d02685fffff,5.0
8882d02683fffff,15.0
8882d025edfffff,126.0
8882d025ebfffff,23.0
8882d025e9fffff,27.0
8882d025e7fffff,9.0
8882d025e5fffff,33.0
8882d025e1fffff,11.0
8882d025ddfffff,28.0
8882d025dbfffff,5.0
8882d025d7fffff,1.0
8882d025d5fffff,216.0
8882d025d3fffff,8.0
8882d025d1fffff,47.0
8882d025cdfffff,5.0
8882d025c7fffff,48.0
8882d025c5fffff,7.0
8882d025c3fffff,15.0
8882d025c1fffff,1.0
8882d025bdfffff,15.0
8882d025adfffff,8.0
8882d025abfffff,8.0
8882d025a9fffff,17.0
8882d025a7fffff,20.0
8882d025a5fffff,21.0
8882d025a3fffff,11.0
8882d025a1fffff,1.0
8882d0258dfffff,21.0
8882d0258bfffff,1.0
8882d02589fffff,1.0
8882d02585fffff,1.0
8882d02583fffff,11.0
8882d02581fffff,1.0
8882d0256dfffff,127.0
8882d02567fffff,416.0
8882d02565fffff,299.0
8882d02563fffff,114.0
8882d02561fffff,47.0
8882d02559fffff,1.0
8882d0254dfffff,5.0
8882d02543fffff,8.0
8882d0253dfffff,58.0
8882d0253bfffff,3.0
8882d02539fffff,9.0
8882d02537fffff,61.0
8882d02535fffff,126.0
8882d02533fffff,127.0
8882d02531fffff,26.0
8882d0252dfffff,299.0
8882d0252bfffff,263.0
8882d02529fffff,501.0
8882d02527fffff,126.0
8882d02525fffff,369.0
8882d02523fffff,121.0
8882d02521fffff,76.0
8882d0251bfffff,126.0
8882d02519fffff,1.0
8882d02517fffff,127.0
8882d02515fffff,9.0
8882d02513fffff,34.0
8882d02511fffff,254.0
8882d0250dfffff,25.0
8882d0250bfffff,2.0
8882d02509fffff,1.0
8882d02507fffff,252.0
8882d02505fffff,507.0
8882d02503fffff,9.0
8882d02501fffff,1.0
8882d024ebfffff,12.0
8882d024e9fffff,1.0
8882d024e7fffff,10.0
8882d024e5fffff,3.0
8882d024e3fffff,2.0
8882d024e1fffff,2.0
8882d024cbfffff,32.0
8882d024c9fffff,15.0
8882d024c7fffff,17.0
8882d024c5fffff,127.0
8882d024c1fffff,9.0
8882d024a9fffff,1.0
8882d0246bfffff,1.0
8882d02437fffff,1.0
8882d02435fffff,1.0
8882d02433fffff,1.0
8882d02431fffff,2.0
8882d02429fffff,1.0
8882d02427fffff,1.0
8882d02405fffff,1.0
8882d0236dfffff,253.0
8882d02365fffff,126.0
8882d02363fffff,127.0
8882d02329fffff,380.0
8882d022c3fffff,1.0
8882d021d7fffff,1392.0
8882d021c7fffff,126.0
8882d021c3fffff,1266.0
8882d021bbfffff,507.0
8882d021b9fffff,2152.0
8882d021b1fffff,12026.0
8882d0219dfffff,1266.0
8882d0219bfffff,126.0
8882d02199fffff,1646.0
8882d02197fffff,16583.0
8882d02195fffff,10000.0
8882d02193fffff,24432.0
8882d02191fffff,29504.0
8882d0218dfffff,1131.0
8882d0218bfffff,4557.0
8882d02189fffff,15191.0
8882d02187fffff,253.0
8882d02183fffff,1772.0
8882d02181fffff,18229.0
8882d0216dfffff,253.0
8882d0216bfffff,1013.0
8882d02169fffff,6836.0
8882d02145fffff,2025.0
8882d0213bfffff,127.0
8882d02139fffff,126.0
8882d02137fffff,507.0
8882d02133fffff,126.0
8882d0211dfffff,3292.0
8882d02117fffff,632.0
8882d02115fffff,1.0
8882d0210dfffff,1.0
8882d0210bfffff,760.0
8882d02109fffff,1.0
8882d020e7fffff,632.0
8882d020e3fffff,2406.0
8882d020e1fffff,1139.0
8882d020ddfffff,1.0
8882d020bdfffff,633.0
8882d020bbfffff,56.0
8882d020b7fffff,126.0
8882d020b5fffff,507.0
8882d020b3fffff,253.0
8882d020b1fffff,127.0
8882d020abfffff,253.0
8882d020a9fffff,126.0
8882d020a7fffff,380.0
8882d020a3fffff,506.0
8882d0209dfffff,277.0
8882d02099fffff,5.0
8882d02097fffff,29.0
8882d02095fffff,3.0
8882d02091fffff,11.0
8882d02085fffff,127.0
8882d02023fffff,1.0
8882ab773bfffff,5.0
8882ab75b7fffff,1.0
8882ab75b3fffff,245.0
8882ab6eedfffff,1.0
8882ab6edbfffff,1.0
8882ab6e5dfffff,697.0
8882ab6e17fffff,435.0
8882ab6de7fffff,76.0
8882ab6dd1fffff,509.0
8882ab6dadfffff,57.0
8882ab6c3bfffff,680.0
8882ab6c17fffff,151.0
8882ab6767fffff,3379.0
8882ab6765fffff,132.0
8882ab6763fffff,208.0
8882ab675dfffff,830.0
8882ab6759fffff,133.0
8882ab6747fffff,169.0
8882ab6743fffff,57.0
8882ab672dfffff,2775.0
8882ab6729fffff,2398.0
8882ab6725fffff,812.0
8882ab6721fffff,169.0
8882ab670dfffff,284.0
8882ab6629fffff,94.0
8882ab6605fffff,1038.0
8882ab60dbfffff,302.0
8882ab609bfffff,227.0
8882ab2ebdfffff,9.0
8882ab2eb3fffff,461.0
8882ab2d59fffff,113.0
8882ab2d43fffff,548.0
8882ab2d41fffff,38.0
8882ab2c85fffff,67.0
8882ab2c81fffff,102.0
8882ab2c69fffff,246.0
8882ab2c47fffff,151.0
8882ab2c45fffff,755.0
8882ab2927fffff,1.0
8882ab2901fffff,603.0
8882ab28d7fffff,642.0
8882ab2835fffff,302.0
8882ab2823fffff,510.0
88828dd72bfffff,378.0
88828dd6ddfffff,94.0
88828dd6d5fffff,246.0
88828dd6d1fffff,132.0
88828dd6c7fffff,642.0
88828dd62dfffff,321.0
88828dd625fffff,774.0
88828dd45dfffff,2057.0
88828dd459fffff,76.0
88828dd44dfffff,208.0
88828dd443fffff,18.0
88828dd297fffff,265.0
88828dd295fffff,434.0
88828dd291fffff,132.0
88828dd09bfffff,302.0
88828dd093fffff,340.0
88828dcf63fffff,76.0
88828dcf5dfffff,2662.0
88828dcf5bfffff,1491.0
88828dcf59fffff,416.0
88828dcf57fffff,1170.0
88828dcf55fffff,4323.0
88828dcf53fffff,208.0
88828dcf51fffff,5380.0
88828dcf4dfffff,113.0
88828dcf4bfffff,3172.0
88828dcf49fffff,208.0
88828dcf47fffff,4587.0
88828dcf45fffff,869.0
88828dcf43fffff,6475.0
88828dcf41fffff,3209.0
88828dcf3bfffff,24.0
88828dcf39fffff,11.0
88828dcf1dfffff,717.0
88828dcf1bfffff,1284.0
88828dcf19fffff,1303.0
88828dcf17fffff,2.0
88828dcf15fffff,132.0
88828dcf13fffff,1681.0
88828dcf11fffff,1038.0
88828dcf0dfffff,2303.0
88828dcf0bfffff,253.0
88828dcf09fffff,3644.0
88828dcf07fffff,19.0
88828dcf05fffff,32.0
88828dcf03fffff,1001.0
88828dcf01fffff,321.0
88828dceedfffff,1.0
88828dcee7fffff,435.0
88828dcee5fffff,1.0
88828dcee1fffff,19.0
88828dceadfffff,56.0
88828dce6dfffff,246.0
88828dce6bfffff,75.0
88828dce69fffff,321.0
88828dce67fffff,359.0
88828dce65fffff,75.0
88828dce63fffff,283.0
88828dce61fffff,1945.0
88828dce45fffff,189.0
88828dce39fffff,38.0
88828dce37fffff,1.0
88828dce2dfffff,339.0
88828dce2bfffff,2.0
88828dce29fffff,75.0
88828dce25fffff,1548.0
88828dce21fffff,132.0
88828dce1bfffff,1095.0
88828dce13fffff,38.0
88828dce11fffff,227.0
88828dce0dfffff,9.0
88828dce07fffff,188.0
88828dce03fffff,38.0
88828dce01fffff,378.0
88828dcdddfffff,264.0
88828dcdd7fffff,113.0
88828dcdd1fffff,95.0
88828dcdcbfffff,642.0
88828dcdbbfffff,604.0
88828dcdb9fffff,302.0
88828dcd9dfffff,472.0
88828dcd97fffff,245.0
88828dcd95fffff,95.0
88828dcccdfffff,207.0
88828dccc7fffff,5.0
88828dccc5fffff,4.0
88828dcc9bfffff,302.0
88828dcc99fffff,472.0
88828dcc8bfffff,75.0
88828dcc89fffff,170.0
88828dcc6dfffff,4.0
88828dcc6bfffff,19.0
88828dcc69fffff,48.0
88828dcc67fffff,245.0
88828dcc61fffff,227.0
88828dcc5bfffff,207.0
88828dcc59fffff,1.0
88828dcc57fffff,472.0
88828dcc55fffff,11.0
88828dcc53fffff,56.0
88828dcc4dfffff,416.0
88828dcc4bfffff,1.0
88828dcc49fffff,2.0
88828dcc47fffff,1.0
88828dcc45fffff,18.0
88828dcc43fffff,189.0
88828dcc41fffff,736.0
88828dcc37fffff,19.0
88828dcc35fffff,56.0
88828dcc2dfffff,189.0
88828dcc2bfffff,453.0
88828dcc29fffff,151.0
88828dcc21fffff,189.0
88828dcc1bfffff,415.0
88828dcc13fffff,19.0
88828dcc0dfffff,38.0
88828dcc09fffff,1.0
88828dcc07fffff,3.0
88828dc75dfffff,623.0
88828dc755fffff,2.0
88828dc743fffff,831.0
88828dc741fffff,19.0
88828dc73bfffff,48.0
88828dc733fffff,5.0
88828dc725fffff,2.0
88828dc71dfffff,19.0
88828dc717fffff,189.0
88828dc715fffff,38.0
88828dc70bfffff,1.0
88828dc709fffff,75.0
88828dc5d5fffff,246.0
88828dc5c3fffff,169.0
88828dc5c1fffff,1246.0
88828dc59bfffff,510.0
88828dc599fffff,189.0
88828dc591fffff,38.0
88828dc507fffff,755.0
88828dc4b3fffff,415.0
88828dc46dfffff,23.0
88828dc465fffff,3.0
88828dc42dfffff,850.0
88828dc427fffff,377.0
88828dc425fffff,642.0
88828dc421fffff,170.0
88828dc41bfffff,25.0
88828dc411fffff,76.0
88828dc2edfffff,1.0
88828dc2e7fffff,887.0
88828dc2d7fffff,528.0
88828dc2d1fffff,170.0
88828dc29bfffff,359.0
88828dc257fffff,1416.0
88828dc21dfffff,113.0
88828dc217fffff,38.0
88828dc1ddfffff,89.0
88828dc1dbfffff,132.0
88828dc1d9fffff,718.0
88828dc1d3fffff,75.0
88828dc1d1fffff,793.0
88828dc1bdfffff,4.0
88828dc1bbfffff,1586.0
88828dc1b9fffff,75.0
88828dc1b7fffff,1963.0
88828dc1b5fffff,95.0
88828dc1b3fffff,830.0
88828dc1b1fffff,1397.0
88828dc1abfffff,9.0
88828dc1a3fffff,2.0
88828dc1a1fffff,1.0
88828dc19dfffff,1.0
88828dc199fffff,93.0
88828dc197fffff,510.0
88828dc195fffff,1.0
88828dc193fffff,169.0
88828dc191fffff,59.0
88828dc18dfffff,1.0
88828dc18bfffff,19.0
88828dc183fffff,1.0
88828dc0d3fffff,76.0
88828dc09dfffff,151.0
88828dc099fffff,283.0
88828dc051fffff,435.0
88828dc03bfffff,151.0
88828dc01bfffff,547.0
88828dc017fffff,831.0
88828db667fffff,1202.0
88828db5e9fffff,1186.0
88828db51dfffff,238.0
88828db519fffff,373.0
88828db517fffff,17.0
88828db515fffff,1.0
88828db463fffff,203.0
88828db461fffff,661.0
88828db327fffff,1192.0
88828db325fffff,1113.0
88828db1bdfffff,51.0
88828db1bbfffff,492.0
88828db1b9fffff,1712.0
88828db11dfffff,102.0
88828db117fffff,17.0
88828db115fffff,1050.0
88828db111fffff,238.0
88828daf47fffff,118.0
88828daf45fffff,407.0
88828dadbdfffff,53.0
88828dada1fffff,1025.0
88828dace1fffff,1.0
88828dacb9fffff,576.0
88828dac9dfffff,1.0
88828dac99fffff,271.0
88828dac91fffff,255.0
88828dac83fffff,237.0
88828dab27fffff,34.0
88828daaebfffff,1.0
88828da855fffff,322.0
88828da853fffff,1.0
88828da809fffff,762.0
88828da76dfffff,34.0
88828da73dfffff,1848.0
88828da739fffff,34.0
88828da737fffff,288.0
88828da735fffff,3729.0
88828da731fffff,174.0
88828da72bfffff,1.0
88828da727fffff,847.0
88828da725fffff,1627.0
88828da723fffff,2729.0
88828da721fffff,509.0
88828da5d9fffff,169.0
88828da5d7fffff,373.0
88828da5d5fffff,780.0
88828da5cdfffff,746.0
88828da5c1fffff,119.0
88828da5b3fffff,1305.0
88828da595fffff,525.0
88828da58bfffff,221.0
88828da589fffff,220.0
88828da559fffff,271.0
88828da54dfffff,1.0
88828da54bfffff,288.0
88828da549fffff,1560.0
88828da50bfffff,1.0
88828da4edfffff,423.0
88828da4e5fffff,17.0
88828da4ddfffff,68.0
88828da4dbfffff,17.0
88828da4d9fffff,1051.0
88828da4d1fffff,1.0
88828da4c7fffff,101.0
88828da4c3fffff,136.0
88828da489fffff,3.0
88828da433fffff,508.0
88828da427fffff,102.0
88828da29bfffff,1000.0
88828da297fffff,85.0
88828da293fffff,203.0
88828da291fffff,85.0
88828da235fffff,1000.0
88828da223fffff,288.0
88828da207fffff,526.0
88828da205fffff,796.0
88828da201fffff,1.0
88828da1e9fffff,9.0
88828da1e1fffff,5.0
88828da1b7fffff,34.0
88828da1b5fffff,85.0
88828da19bfffff,932.0
88828da13bfffff,187.0
88828da117fffff,746.0
88828da113fffff,610.0
88828da0e5fffff,1.0
88828da0dbfffff,1.0
88828da0d7fffff,16.0
88828da0d5fffff,1.0
88828da0d3fffff,678.0
88828da0d1fffff,84.0
88828da0a7fffff,238.0
88828da0a5fffff,152.0
88828da09dfffff,1.0
88828da09bfffff,441.0
88828da099fffff,34.0
88828da08bfffff,220.0
88828da089fffff,797.0
88828da081fffff,1899.0
88828da059fffff,1.0
88828da051fffff,203.0
88828da049fffff,254.0
88828d994dfffff,1.0
88828d98bdfffff,151.0
88828d98b3fffff,1.0
88828d98abfffff,1075.0
88828d98a3fffff,19.0
88828d8e97fffff,1.0
88828d8c5dfffff,1.0
88828d8a6dfffff,660.0
88828d894dfffff,1.0
88828d8757fffff,19.0
88828d8753fffff,1.0
88828d873dfffff,358.0
88828d872bfffff,151.0
88828d870bfffff,50.0
88828d8657fffff,416.0
88828d862bfffff,18.0
88828d8625fffff,19.0
88828d8623fffff,510.0
88828d8621fffff,208.0
88828d861dfffff,75.0
88828d85c9fffff,113.0
88828d8547fffff,472.0
88828d8545fffff,454.0
88828d8519fffff,1359.0
88828d84e9fffff,1076.0
88828d84c5fffff,38.0
88828d84a9fffff,4.0
88828d8489fffff,34.0
88828d8435fffff,1529.0
88828d8425fffff,57.0
88828d8413fffff,1302.0
88828d8351fffff,1.0
88828d8263fffff,1.0
88828d81dbfffff,1.0
88828d81d9fffff,17.0
88828d81d5fffff,1303.0
88828d81d1fffff,302.0
88828d81c7fffff,1.0
88828d81c5fffff,37.0
88828d818bfffff,19.0
88828d8189fffff,3.0
88828d816dfffff,56.0
88828d8163fffff,189.0
88828d811dfffff,1.0
88828d8113fffff,94.0
88828d8111fffff,302.0
88828d810dfffff,944.0
88828d810bfffff,302.0
88828d8109fffff,1.0
88828d80e3fffff,18.0
88828d80d7fffff,1171.0
88828d80d5fffff,1208.0
88828d80c7fffff,283.0
88828d80c3fffff,1.0
88828d809dfffff,94.0
88828d8099fffff,284.0
88828d8093fffff,169.0
88828d808dfffff,2417.0
88828d808bfffff,1718.0
88828d8089fffff,4134.0
88828d8085fffff,397.0
88828d8081fffff,887.0
88828d7b67fffff,25.0
88828d7b63fffff,101.0
88828d7b5dfffff,150.0
88828d7b57fffff,126.0
88828d7b53fffff,2.0
88828d7b51fffff,50.0
88828d7b4dfffff,1.0
88828d7b4bfffff,779.0
88828d7b49fffff,150.0
88828d7b41fffff,176.0
88828d7b1dfffff,251.0
88828d7b15fffff,13.0
88828d7b0dfffff,12.0
88828d7aebfffff,54.0
88828d7ae9fffff,44.0
88828d7ad7fffff,302.0
88828d7abdfffff,75.0
88828d7ab5fffff,1.0
88828d7aa9fffff,477.0
88828d7a8bfffff,1.0
88828d7a87fffff,451.0
88828d7a85fffff,327.0
88828d7a81fffff,151.0
88828d7a5dfffff,376.0
88828d7a59fffff,679.0
88828d7a55fffff,75.0
88828d7a51fffff,201.0
88828d7a1dfffff,2.0
88828d7a15fffff,76.0
88828d79e5fffff,25.0
88828d79d1fffff,2.0
88828d79adfffff,100.0
88828d79a7fffff,75.0
88828d79a5fffff,226.0
88828d79a1fffff,76.0
88828d796bfffff,628.0
88828d7967fffff,25.0
88828d7963fffff,75.0
88828d795bfffff,126.0
88828d7945fffff,16.0
88828d7933fffff,25.0
88828d7931fffff,50.0
88828d790dfffff,151.0
88828d790bfffff,3.0
88828d7909fffff,1.0
88828d7905fffff,176.0
88828d7901fffff,25.0
88828d78edfffff,25.0
88828d78ebfffff,126.0
88828d78e9fffff,201.0
88828d78e7fffff,251.0
88828d78e1fffff,678.0
88828d78cbfffff,553.0
88828d78c7fffff,150.0
88828d78c5fffff,2.0
88828d78c1fffff,226.0
88828d78bdfffff,251.0
88828d78adfffff,879.0
88828d78a7fffff,125.0
88828d78a5fffff,352.0
88828d78a3fffff,452.0
88828d7893fffff,603.0
88828d7869fffff,25.0
88828d7867fffff,101.0
88828d7863fffff,276.0
88828d783bfffff,452.0
88828d7839fffff,201.0
88828d7831fffff,603.0
88828d782dfffff,3.0
88828d7827fffff,100.0
88828d780dfffff,201.0
88828d7801fffff,201.0
88828d776dfffff,264.0
88828d7769fffff,57.0
88828d7761fffff,6.0
88828d774dfffff,170.0
88828d7741fffff,1.0
88828d76ebfffff,37.0
88828d76e7fffff,113.0
88828d76dbfffff,118.0
88828d76cdfffff,510.0
88828d76cbfffff,170.0
88828d76c1fffff,339.0
88828d76adfffff,95.0
88828d76a5fffff,189.0
88828d7697fffff,415.0
88828d7693fffff,38.0
88828d768dfffff,226.0
88828d7683fffff,151.0
88828d766bfffff,151.0
88828d7663fffff,510.0
88828d7657fffff,57.0
88828d7619fffff,37.0
88828d760dfffff,38.0
88828d760bfffff,717.0
88828d758dfffff,1.0
88828d74e9fffff,301.0
88828d74e7fffff,26.0
88828d74e5fffff,25.0
88828d74e1fffff,50.0
88828d74b3fffff,113.0
88828d74b1fffff,6.0
88828d748bfffff,578.0
88828d746bfffff,327.0
88828d7469fffff,94.0
88828d7465fffff,1.0
88828d7461fffff,1.0
88828d745dfffff,132.0
88828d7459fffff,94.0
88828d7451fffff,227.0
88828d744dfffff,2.0
88828d744bfffff,56.0
88828d7449fffff,132.0
88828d741bfffff,302.0
88828d7359fffff,51.0
88828d7353fffff,25.0
88828d7337fffff,50.0
88828d7321fffff,126.0
88828d72e1fffff,1.0
88828d72bdfffff,1.0
88828d72a3fffff,16.0
88828d7297fffff,5.0
88828d7253fffff,25.0
88828d7225fffff,553.0
88828d721bfffff,201.0
88828d7219fffff,7.0
88828d71e7fffff,5.0
88828d71ddfffff,7.0
88828d71d7fffff,51.0
88828d71d3fffff,75.0
88828d71bbfffff,30.0
88828d71abfffff,3.0
88828d71a9fffff,8.0
88828d719bfffff,75.0
88828d7193fffff,151.0
88828d7187fffff,8.0
88828d716dfffff,1.0
88828d7165fffff,201.0
88828d7153fffff,151.0
88828d7151fffff,879.0
88828d7117fffff,151.0
88828d7115fffff,201.0
88828d705dfffff,6.0
88828d7057fffff,679.0
88828d7053fffff,100.0
88828d7037fffff,100.0
88828d7027fffff,27.0
88828d7019fffff,75.0
88828d6f4dfffff,452.0
88828d6f49fffff,17.0
88828d6ecdfffff,226.0
88828d6ec1fffff,1.0
88828d6e57fffff,552.0
88828d6e4dfffff,1130.0
88828d6e49fffff,854.0
88828d6b69fffff,76.0
88828d6b5dfffff,25.0
88828d6b5bfffff,528.0
88828d6b55fffff,351.0
88828d6b53fffff,201.0
88828d6b51fffff,1206.0
88828d6b47fffff,628.0
88828d6b43fffff,502.0
88828d6b41fffff,75.0
88828d6b09fffff,75.0
88828d6aedfffff,327.0
88828d6aebfffff,552.0
88828d6ae9fffff,76.0
88828d6ae3fffff,904.0
88828d6ae1fffff,1381.0
88828d6a95fffff,1004.0
88828d6a93fffff,76.0
88828d6a91fffff,452.0
88828d6a83fffff,1080.0
88828d6a81fffff,226.0
88828d6a6bfffff,854.0
88828d6a67fffff,50.0
88828d6a63fffff,1005.0
88828d6a61fffff,1.0
88828d6a49fffff,502.0
88828d6a45fffff,101.0
88828d6a3bfffff,75.0
88828d6a39fffff,326.0
88828d6a33fffff,252.0
88828d6a31fffff,75.0
88828d6a0dfffff,854.0
88828d6a07fffff,50.0
88828d6a05fffff,327.0
88828d6769fffff,402.0
88828d6747fffff,9.0
88828d6745fffff,150.0
88828d6715fffff,327.0
88828d670bfffff,377.0
88828d6709fffff,3.0
88828d6703fffff,100.0
88828d66c7fffff,4.0
88828d6689fffff,75.0
88828d661dfffff,100.0
88828d65a7fffff,779.0
88828d655bfffff,301.0
88828d646dfffff,252.0
88828d6465fffff,201.0
88828d6431fffff,175.0
88828d642dfffff,151.0
88828d6427fffff,678.0
88828d636dfffff,76.0
88828d6367fffff,1.0
88828d6347fffff,426.0
88828d6337fffff,226.0
88828d6313fffff,528.0
88828d630dfffff,477.0
88828d630bfffff,477.0
88828d6309fffff,50.0
88828d62ebfffff,251.0
88828d62e7fffff,26.0
88828d62e5fffff,477.0
88828d62d7fffff,125.0
88828d62d5fffff,151.0
88828d62adfffff,226.0
88828d629dfffff,829.0
88828d6299fffff,50.0
88828d6297fffff,25.0
88828d6293fffff,51.0
88828d6291fffff,50.0
88828d628bfffff,150.0
88828d6289fffff,26.0
88828d626bfffff,401.0
88828d6269fffff,5.0
88828d6245fffff,1.0
88828d623bfffff,100.0
88828d6239fffff,552.0
88828d6235fffff,1.0
88828d6233fffff,100.0
88828d6231fffff,51.0
88828d622dfffff,226.0
88828d6229fffff,150.0
88828d6227fffff,25.0
88828d6225fffff,26.0
88828d6223fffff,150.0
88828d6215fffff,578.0
88828d6205fffff,653.0
88828d61bdfffff,151.0
88828d61b5fffff,1.0
88828d61b1fffff,125.0
88828d61a7fffff,427.0
88828d61a3fffff,8.0
88828d6197fffff,126.0
88828d6193fffff,105.0
88828d6145fffff,150.0
88828d60edfffff,50.0
88828d60e7fffff,51.0
88828d60adfffff,2.0
88828d604bfffff,50.0
88828d6049fffff,327.0
88828d601bfffff,100.0
88828d6013fffff,25.0
88828d6011fffff,76.0
88828d5759fffff,38.0
88828d5757fffff,1.0
88828d573dfffff,251.0
88828d5735fffff,1658.0
88828d571dfffff,276.0
88828d570bfffff,151.0
88828d5703fffff,1155.0
88828d56a7fffff,100.0
88828d56a5fffff,101.0
88828d563bfffff,276.0
88828d5639fffff,365.0
88828d560dfffff,188.0
88828d5607fffff,114.0
88828d5603fffff,339.0
88828d5601fffff,435.0
88828d55bbfffff,628.0
88828d55b3fffff,125.0
88828d55a5fffff,276.0
88828d5597fffff,26.0
88828d5595fffff,50.0
88828d5553fffff,477.0
88828d5547fffff,50.0
88828d552bfffff,101.0
88828d5523fffff,125.0
88828d551dfffff,251.0
88828d5519fffff,126.0
88828d5507fffff,50.0
88828d5505fffff,151.0
88828d5501fffff,1432.0
88828d54ebfffff,301.0
88828d54e3fffff,779.0
88828d54e1fffff,75.0
88828d54cdfffff,50.0
88828d54c5fffff,578.0
88828d54abfffff,502.0
88828d54a3fffff,276.0
88828d548dfffff,277.0
88828d5485fffff,603.0
88828d5463fffff,351.0
88828d545dfffff,980.0
88828d5457fffff,100.0
88828d5451fffff,151.0
88828d52e7fffff,603.0
88828d52e1fffff,125.0
88828d50d7fffff,402.0
88828d50d3fffff,452.0
88828d5013fffff,477.0
88828d4f67fffff,1.0
88828d4f5bfffff,477.0
88828d4f2dfffff,553.0
88828d4edbfffff,75.0
88828d4ed7fffff,151.0
88828d4ed5fffff,804.0
88828d4ed3fffff,50.0
88828d4eb5fffff,176.0
88828d4eabfffff,477.0
88828d4ea9fffff,1.0
88828d4ea7fffff,50.0
88828d4ea5fffff,1.0
88828d4ea3fffff,1.0
88828d4ea1fffff,25.0
88828d4e8bfffff,779.0
88828d4e87fffff,3.0
88828d4e85fffff,25.0
88828d4e83fffff,1.0
88828d4e81fffff,151.0
88828d4e67fffff,502.0
88828d4e61fffff,176.0
88828d4e55fffff,15.0
88828d4e51fffff,6.0
88828d4e4bfffff,251.0
88828d4e43fffff,5.0
88828d4e0dfffff,176.0
88828d4de9fffff,427.0
88828d4de1fffff,4.0
88828d4dbdfffff,377.0
88828d4dabfffff,201.0
88828d4da7fffff,200.0
88828d4da3fffff,327.0
88828d4d95fffff,1055.0
88828d4d93fffff,25.0
88828d4d87fffff,553.0
88828d4d83fffff,803.0
88828d4d6dfffff,201.0
88828d4d69fffff,126.0
88828d4d65fffff,1130.0
88828d4d5bfffff,804.0
88828d4d53fffff,327.0
88828d4d47fffff,1205.0
88828d4d45fffff,101.0
88828d4d3dfffff,1.0
88828d4d35fffff,1.0
88828d4d31fffff,1.0
88828d4d25fffff,375.0
88828d4d1dfffff,1.0
88828d4d19fffff,879.0
88828d4d15fffff,1.0
88828d4d13fffff,276.0
88828d4d03fffff,126.0
88828d4ce9fffff,352.0
88828d4ce3fffff,276.0
88828d4cdbfffff,653.0
88828d4cd7fffff,176.0
88828d4cd5fffff,201.0
88828d4cd1fffff,678.0
88828d4ccbfffff,1030.0
88828d4cc9fffff,251.0
88828d4cc7fffff,75.0
88828d4cc5fffff,126.0
88828d4cc3fffff,50.0
88828d4cc1fffff,25.0
88828d4cabfffff,201.0
88828d4c9dfffff,503.0
88828d4c99fffff,125.0
88828d4c93fffff,201.0
88828d4c91fffff,100.0
88828d4c8bfffff,101.0
88828d4c85fffff,477.0
88828d4c67fffff,1005.0
88828d4c63fffff,100.0
88828d4c5dfffff,478.0
88828d4c59fffff,879.0
88828d4c57fffff,1.0
88828d4c4bfffff,175.0
88828d4c47fffff,126.0
88828d4c43fffff,1.0
88828d4c2dfffff,502.0
88828d4c29fffff,125.0
88828d4c13fffff,176.0
88828d4ad9fffff,477.0
88828d4ad3fffff,603.0
88828d4ad1fffff,151.0
88828d4a99fffff,100.0
88828d4a97fffff,25.0
88828d4a91fffff,276.0
88828d48dbfffff,401.0
88828d48d7fffff,101.0
88828d48d3fffff,502.0
88828d48bbfffff,1.0
88828d4897fffff,603.0
88828d4891fffff,452.0
88828d475dfffff,100.0
88828d4759fffff,502.0
88828d4755fffff,126.0
88828d4753fffff,301.0
88828d4751fffff,804.0
88828d474dfffff,126.0
88828d4747fffff,75.0
88828d4743fffff,201.0
88828d471bfffff,176.0
88828d4709fffff,351.0
88828d46e7fffff,277.0
88828d46ddfffff,100.0
88828d46dbfffff,50.0
88828d46d9fffff,804.0
88828d46d7fffff,3114.0
88828d46d5fffff,2286.0
88828d46d3fffff,754.0
88828d46d1fffff,2134.0
88828d46b9fffff,227.0
88828d46b7fffff,175.0
88828d46b1fffff,1.0
88828d46adfffff,326.0
88828d46a9fffff,327.0
88828d468bfffff,1155.0
88828d4687fffff,1.0
88828d4683fffff,1909.0
88828d4657fffff,50.0
88828d4655fffff,427.0
88828d4653fffff,12.0
88828d464bfffff,50.0
88828d4643fffff,276.0
88828d4627fffff,377.0
88828d4615fffff,477.0
88828d4613fffff,2.0
88828d4607fffff,527.0
88828d4601fffff,151.0
88828d45ebfffff,377.0
88828d45e7fffff,276.0
88828d45e1fffff,125.0
88828d45d7fffff,151.0
88828d45d3fffff,226.0
88828d45d1fffff,201.0
88828d45b9fffff,2.0
88828d45b1fffff,11.0
88828d45a7fffff,27.0
88828d45a5fffff,1.0
88828d45a1fffff,4.0
88828d459dfffff,4.0
88828d458bfffff,25.0
88828d4583fffff,1.0
88828d4581fffff,126.0
88828d4567fffff,175.0
88828d455bfffff,402.0
88828d4557fffff,126.0
88828d4545fffff,1.0
88828d452dfffff,25.0
88828d4529fffff,100.0
88828d450dfffff,14.0
88828d450bfffff,101.0
88828d4509fffff,5.0
88828d4505fffff,5.0
88828d4501fffff,28.0
88828d44e9fffff,427.0
88828d44e5fffff,32.0
88828d44e1fffff,201.0
88828d44ddfffff,402.0
88828d44d1fffff,753.0
88828d44c7fffff,201.0
88828d446bfffff,754.0
88828d4469fffff,125.0
88828d4461fffff,201.0
88828d4457fffff,553.0
88828d4451fffff,151.0
88828d444dfffff,100.0
88828d4449fffff,302.0
88828d4441fffff,251.0
88828d4435fffff,502.0
88828d4431fffff,1.0
88828d442dfffff,125.0
88828d442bfffff,3.0
88828d4421fffff,175.0
88828d42e3fffff,50.0
88828d42e1fffff,854.0
88828d42dbfffff,101.0
88828d42d3fffff,552.0
88828d42c7fffff,1030.0
88828d42c3fffff,176.0
88828d42b7fffff,402.0
88828d42b1fffff,552.0
88828d42abfffff,1005.0
88828d42a9fffff,2060.0
88828d42a7fffff,25.0
88828d42a3fffff,803.0
88828d42a1fffff,151.0
88828d429bfffff,50.0
88828d4299fffff,76.0
88828d4293fffff,1.0
88828d4287fffff,627.0
88828d4285fffff,277.0
88828d4283fffff,25.0
88828d426bfffff,502.0
88828d4257fffff,1557.0
88828d4229fffff,628.0
88828d421dfffff,327.0
88828d4215fffff,376.0
88828d420bfffff,226.0
88828d4205fffff,1005.0
88828d4153fffff,703.0
88828d4133fffff,9.0
88828d411bfffff,175.0
88828d4119fffff,1.0
88828d40edfffff,101.0
88828d40e9fffff,1532.0
88828d40e5fffff,125.0
88828d40ddfffff,290.0
88828d40d5fffff,201.0
88828d40d3fffff,377.0
88828d40cdfffff,201.0
88828d40c9fffff,125.0
88828d40bbfffff,126.0
88828d40b9fffff,50.0
88828d409dfffff,653.0
88828d4099fffff,251.0
88828d4087fffff,1.0
88828d4083fffff,779.0
88828d4013fffff,854.0
88828d3b4bfffff,95.0
88828d3b1bfffff,132.0
88828d3a37fffff,57.0
88828d3a33fffff,264.0
88828d3a2bfffff,189.0
88828d3a27fffff,264.0
88828d39edfffff,491.0
88828d39e9fffff,6.0
88828d39e3fffff,189.0
88828d39e1fffff,2.0
88828d39ddfffff,679.0
88828d39dbfffff,4078.0
88828d39d9fffff,3228.0
88828d39d7fffff,95.0
88828d39d5fffff,490.0
88828d39d1fffff,491.0
88828d39cbfffff,623.0
88828d39c5fffff,1.0
88828d39c1fffff,434.0
88828d39b5fffff,1.0
88828d39b3fffff,132.0
88828d39a9fffff,132.0
88828d39a3fffff,113.0
88828d39a1fffff,2.0
88828d399dfffff,94.0
88828d3995fffff,359.0
88828d3989fffff,1.0
88828d3967fffff,283.0
88828d3963fffff,47.0
88828d3961fffff,132.0
88828d393dfffff,284.0
88828d3939fffff,698.0
88828d3931fffff,1.0
88828d392bfffff,56.0
88828d3929fffff,132.0
88828d3905fffff,208.0
88828d38edfffff,1869.0
88828d38ebfffff,1.0
88828d38e9fffff,19.0
88828d38e7fffff,2624.0
88828d38e5fffff,5342.0
88828d38e1fffff,132.0
88828d38dbfffff,265.0
88828d38d5fffff,75.0
88828d38d3fffff,378.0
88828d38d1fffff,717.0
88828d38cbfffff,283.0
88828d38c3fffff,680.0
88828d38c1fffff,57.0
88828d38bbfffff,679.0
88828d38b9fffff,302.0
88828d38b3fffff,567.0
88828d38b1fffff,56.0
88828d38a9fffff,1039.0
88828d38a7fffff,75.0
88828d3893fffff,1.0
88828d388dfffff,679.0
88828d388bfffff,19.0
88828d3889fffff,472.0
88828d3887fffff,378.0
88828d3885fffff,1472.0
88828d3883fffff,151.0
88828d385bfffff,359.0
88828d3859fffff,1001.0
88828d3857fffff,37.0
88828d3855fffff,57.0
88828d3851fffff,849.0
88828d384dfffff,1.0
88828d3849fffff,359.0
88828d383bfffff,755.0
88828d3833fffff,1756.0
88828d381dfffff,94.0
88828d3817fffff,566.0
88828d3813fffff,38.0
88828d375dfffff,102.0
88828d374bfffff,610.0
88828d3743fffff,644.0
88828d370dfffff,317.0
88828d370bfffff,255.0
88828d36edfffff,17.0
88828d36dbfffff,84.0
88828d3639fffff,153.0
88828d356dfffff,106.0
88828d356bfffff,169.0
88828d3567fffff,397.0
88828d3565fffff,1.0
88828d352dfffff,531.0
88828d34edfffff,17.0
88828d34e9fffff,187.0
88828d34e1fffff,220.0
88828d34cbfffff,322.0
88828d34abfffff,203.0
88828d34a9fffff,136.0
88828d3489fffff,40.0
88828d3485fffff,186.0
88828d346dfffff,289.0
88828d32e3fffff,130.0
88828d32a9fffff,245.0
88828d31bdfffff,491.0
88828d31b5fffff,19.0
88828d31abfffff,226.0
88828d3187fffff,2.0
88828d30d5fffff,76.0
88828d30d3fffff,1.0
88828d30b5fffff,57.0
88828d3097fffff,321.0
88828d3095fffff,9.0
88828d308bfffff,56.0
88828d3089fffff,340.0
88828d2f6bfffff,302.0
88828d2f63fffff,38.0
88828d2f4dfffff,151.0
88828d2f45fffff,245.0
88828d2f29fffff,265.0
88828d2f17fffff,188.0
88828d2f15fffff,435.0
88828d2f07fffff,37.0
88828d2f05fffff,1473.0
88828d2ee9fffff,56.0
88828d2ee7fffff,1.0
88828d2ee3fffff,25.0
88828d2ebdfffff,1.0
88828d2eb9fffff,203.0
88828d2eb3fffff,151.0
88828d2eb1fffff,268.0
88828d2eabfffff,25.0
88828d2ea9fffff,25.0
88828d2ea1fffff,704.0
88828d2e85fffff,1.0
88828d2e6dfffff,56.0
88828d2e69fffff,94.0
88828d2e57fffff,8.0
88828d2e55fffff,283.0
88828d2e45fffff,76.0
88828d2e43fffff,302.0
88828d2e37fffff,1.0
88828d2e23fffff,18.0
88828d2e1bfffff,567.0
88828d2e19fffff,94.0
88828d2e13fffff,264.0
88828d2db9fffff,352.0
88828d2da3fffff,351.0
88828d2d9bfffff,804.0
88828d2d69fffff,176.0
88828d2d67fffff,703.0
88828d2d61fffff,478.0
88828d2cebfffff,452.0
88828d2ce9fffff,150.0
88828d2ccdfffff,151.0
88828d2ca7fffff,126.0
88828d2c9dfffff,75.0
88828d2c9bfffff,1.0
88828d2c97fffff,1.0
88828d2c95fffff,929.0
88828d2c8dfffff,477.0
88828d2c8bfffff,1.0
88828d2c85fffff,75.0
88828d2c83fffff,552.0
88828d2c81fffff,427.0
88828d2c47fffff,57.0
88828d2c45fffff,57.0
88828d2c1dfffff,75.0
88828d2c17fffff,176.0
88828d2c13fffff,1758.0
88828d2c11fffff,25.0
88828d2c0bfffff,603.0
88828d2c09fffff,510.0
88828d2c01fffff,169.0
88828d2b69fffff,113.0
88828d2b5dfffff,38.0
88828d2b5bfffff,132.0
88828d2b51fffff,76.0
88828d2b4bfffff,189.0
88828d2b49fffff,1.0
88828d2aedfffff,396.0
88828d2aebfffff,434.0
88828d2adbfffff,698.0
88828d2ad9fffff,472.0
88828d2ac5fffff,170.0
88828d2a9bfffff,510.0
88828d2a99fffff,19.0
88828d2a95fffff,75.0
88828d2a93fffff,151.0
88828d2a91fffff,132.0
88828d2a89fffff,170.0
88828d2a4dfffff,227.0
88828d2a3dfffff,226.0
88828d2a3bfffff,57.0
88828d2a35fffff,246.0
88828d2a33fffff,75.0
88828d2a31fffff,472.0
88828d2a2dfffff,57.0
88828d2a2bfffff,94.0
88828d2a21fffff,76.0
88828d2a17fffff,37.0
88828d296dfffff,647.0
88828d295dfffff,113.0
88828d2959fffff,76.0
88828d2951fffff,19.0
88828d2897fffff,1139.0
88828d2861fffff,321.0
88828d2849fffff,37.0
88828d2763fffff,1.0
88828d274bfffff,34.0
88828d2743fffff,25.0
88828d2731fffff,288.0
88828d2729fffff,3.0
88828d270dfffff,1.0
88828d2707fffff,355.0
88828d26b7fffff,119.0
88828d26b5fffff,152.0
88828d26b1fffff,187.0
88828d26a3fffff,7.0
88828d2697fffff,322.0
88828d2695fffff,475.0
88828d2691fffff,1.0
88828d266dfffff,271.0
88828d2657fffff,1.0
88828d2649fffff,118.0
88828d2647fffff,424.0
88828d2641fffff,254.0
88828d263bfffff,458.0
88828d261dfffff,830.0
88828d2615fffff,339.0
88828d260bfffff,983.0
88828d2603fffff,306.0
88828d2557fffff,474.0
88828d2555fffff,34.0
88828d2553fffff,68.0
88828d2551fffff,186.0
88828d250bfffff,68.0
88828d24ebfffff,848.0
88828d24bdfffff,186.0
88828d24bbfffff,34.0
88828d24b1fffff,203.0
88828d248dfffff,458.0
88828d2485fffff,204.0
88828d2459fffff,152.0
88828d2455fffff,204.0
88828d2451fffff,84.0
88828d2417fffff,238.0
88828d2415fffff,406.0
88828d240bfffff,306.0
88828d2403fffff,322.0
88828d2401fffff,34.0
88828d2367fffff,75.0
88828d2363fffff,38.0
88828d235dfffff,19.0
88828d2353fffff,1.0
88828d2343fffff,245.0
88828d2319fffff,19.0
88828d230dfffff,868.0
88828d230bfffff,491.0
88828d2309fffff,132.0
88828d22edfffff,203.0
88828d225bfffff,359.0
88828d2253fffff,76.0
88828d222bfffff,623.0
88828d2227fffff,18.0
88828d2225fffff,378.0
88828d2223fffff,396.0
88828d2221fffff,359.0
88828d2217fffff,627.0
88828d2215fffff,509.0
88828d2211fffff,136.0
88828d21ebfffff,94.0
88828d21e5fffff,132.0
88828d21e3fffff,1.0
88828d21e1fffff,434.0
88828d21d9fffff,113.0
88828d21d3fffff,76.0
88828d21d1fffff,472.0
88828d21bdfffff,1.0
88828d21b7fffff,1.0
88828d21b5fffff,245.0
88828d21b3fffff,133.0
88828d21b1fffff,3.0
88828d21adfffff,604.0
88828d21abfffff,1.0
88828d21a7fffff,18.0
88828d21a5fffff,472.0
88828d219bfffff,1.0
88828d2193fffff,56.0
88828d2167fffff,151.0
88828d2165fffff,19.0
88828d215bfffff,76.0
88828d2155fffff,75.0
88828d2147fffff,208.0
88828d2143fffff,94.0
88828d2141fffff,340.0
88828d2137fffff,434.0
88828d2131fffff,302.0
88828d212dfffff,3.0
88828d212bfffff,605.0
88828d2129fffff,132.0
88828d2123fffff,453.0
88828d2109fffff,56.0
88828d2101fffff,5.0
88828d20ebfffff,288.0
88828d20d5fffff,2.0
88828d20c7fffff,17.0
88828d20c5fffff,237.0
88828d20a7fffff,17.0
88828d20a5fffff,132.0
88828d209dfffff,34.0
88828d2089fffff,85.0
88828d2085fffff,17.0
88828d2055fffff,434.0
88828d2053fffff,305.0
88828d2039fffff,288.0
88828d2037fffff,38.0
88828d2033fffff,38.0
88828d2029fffff,75.0
88828d201bfffff,102.0
88828d2017fffff,1.0
88828d2015fffff,288.0
88828d2013fffff,1.0
88828d2009fffff,150.0
88828d2003fffff,1.0
88828d2001fffff,246.0
88828d1b45fffff,1.0
88828d1b37fffff,1623.0
88828d1b19fffff,1.0
88828d1abdfffff,434.0
88828d1ab7fffff,56.0
88828d1ab5fffff,661.0
88828d1ab3fffff,2.0
88828d1ab1fffff,170.0
88828d1aa3fffff,56.0
88828d1aa1fffff,19.0
88828d1a4bfffff,76.0
88828d1a49fffff,57.0
88828d1a43fffff,25.0
88828d1a41fffff,19.0
88828d1a37fffff,38.0
88828d1a33fffff,585.0
88828d1a09fffff,76.0
88828d1997fffff,1018.0
88828d1995fffff,113.0
88828d195dfffff,38.0
88828d1959fffff,415.0
88828d194dfffff,132.0
88828d194bfffff,1246.0
88828d1943fffff,227.0
88828d18ebfffff,1472.0
88828d18e9fffff,1322.0
88828d18e5fffff,75.0
88828d18e3fffff,434.0
88828d18d7fffff,170.0
88828d189dfffff,1492.0
88828d189bfffff,396.0
88828d1899fffff,604.0
88828d1893fffff,1869.0
88828d1891fffff,76.0
88828d188dfffff,75.0
88828d188bfffff,8.0
88828d1863fffff,1019.0
88828d1839fffff,1265.0
88828d182bfffff,19.0
88828d1829fffff,207.0
88828d1817fffff,38.0
88828d1815fffff,227.0
88828d1807fffff,453.0
88828d1805fffff,849.0
88828d1801fffff,1.0
88828d159dfffff,94.0
88828d159bfffff,95.0
88828d1599fffff,226.0
88828d1593fffff,151.0
88828d1591fffff,982.0
88828d1557fffff,73.0
88828d1533fffff,1.0
88828d151dfffff,151.0
88828d150bfffff,76.0
88828d14e7fffff,982.0
88828d14e5fffff,34.0
88828d14e3fffff,119.0
88828d14bdfffff,373.0
88828d14b9fffff,152.0
88828d14b7fffff,113.0
88828d14b5fffff,2.0
88828d14b3fffff,38.0
88828d14b1fffff,145.0
88828d14adfffff,415.0
88828d14abfffff,95.0
88828d14a9fffff,885.0
88828d14a5fffff,114.0
88828d14a3fffff,18.0
88828d149bfffff,1.0
88828d1499fffff,1.0
88828d1493fffff,1.0
88828d1439fffff,406.0
88828d1309fffff,848.0
88828d116dfffff,1793.0
88828d1163fffff,1.0
88828d1161fffff,1.0
88828d109bfffff,220.0
88828d101dfffff,113.0
88828d0ea7fffff,151.0
88828d0ea5fffff,94.0
88828d0ea1fffff,1.0
88828d0e45fffff,57.0
88828d0e39fffff,264.0
88828d0e31fffff,793.0
88828d0e0dfffff,10.0
88828d0e01fffff,1.0
88828d0d25fffff,728.0
88828d0d03fffff,1.0
88828d0cebfffff,18.0
88828d0cc5fffff,680.0
88828d0cb1fffff,227.0
88828d0cabfffff,37.0
88828d0ca9fffff,133.0
88828d0c87fffff,56.0
88828d0c85fffff,19.0
88828d0a1dfffff,378.0
88828d0a03fffff,1.0
88828d09ebfffff,151.0
88828d09e7fffff,201.0
88828d09e5fffff,1.0
88828d09e1fffff,201.0
88828d09bdfffff,125.0
88828d09b9fffff,1.0
88828d09b3fffff,125.0
88828d09b1fffff,201.0
88828d09adfffff,1357.0
88828d09a9fffff,427.0
88828d09a1fffff,401.0
88828d0953fffff,5.0
88828d0937fffff,577.0
88828d0935fffff,226.0
88828d0931fffff,1.0
88828d0923fffff,728.0
88828d0921fffff,176.0
88828d0917fffff,377.0
88828d08e1fffff,351.0
88828d08c9fffff,51.0
88828d08c1fffff,50.0
88828d0847fffff,75.0
88828d082dfffff,6.0
88828d082bfffff,1.0
88828d0829fffff,1.0
88828d081bfffff,1.0
88828d080dfffff,1.0
88828d0805fffff,1.0
88828d076bfffff,1.0
88828d0755fffff,168.0
88828d0747fffff,1.0
88828d071bfffff,547.0
88828d0713fffff,227.0
88828d070bfffff,1.0
88828d0709fffff,188.0
88828d066bfffff,1.0
88828d0669fffff,245.0
88828d0667fffff,3.0
88828d0665fffff,2.0
88828d0663fffff,566.0
88828d0661fffff,151.0
88828d065dfffff,1.0
88828d0651fffff,1.0
88828d064bfffff,18.0
88828d0647fffff,19.0
88828d0645fffff,1.0
88828d0643fffff,1.0
88828d0641fffff,1.0
88828d062bfffff,1.0
88828d0627fffff,508.0
88828d0623fffff,548.0
88828d0621fffff,18.0
88828d060dfffff,680.0
88828d0605fffff,227.0
88828d05c7fffff,1.0
88828d05bdfffff,56.0
88828d05b5fffff,1.0
88828d05abfffff,19.0
88828d05a1fffff,19.0
88828d0469fffff,227.0
88828d0467fffff,19.0
88828d044dfffff,283.0
88828d0449fffff,1246.0
88828d0447fffff,227.0
88828d0445fffff,37.0
88828d0443fffff,38.0
88828d0441fffff,113.0
88828d042dfffff,1.0
88828d0421fffff,19.0
88828d041dfffff,19.0
88828d0409fffff,1.0
88828d036dfffff,1.0
88828d0361fffff,1.0
88828d033bfffff,19.0
88828d0339fffff,1.0
88828d0335fffff,1019.0
88828d0333fffff,1.0
88828d032bfffff,189.0
88828d0327fffff,1.0
88828d0323fffff,169.0
88828d0307fffff,19.0
88828d02c3fffff,321.0
88828d02b1fffff,415.0
88828d029dfffff,4.0
88828d023bfffff,302.0
88828d0235fffff,1.0
88828d0231fffff,283.0
88828d0213fffff,1.0
88828d0211fffff,1.0
88828d0201fffff,1.0
88828d01edfffff,3.0
88828d01ebfffff,75.0
88828d01e9fffff,642.0
88828d01e7fffff,3.0
88828d01e3fffff,1.0
88828d01e1fffff,1.0
88828d01dbfffff,19.0
88828d01d9fffff,1.0
88828d01d7fffff,830.0
88828d01d5fffff,38.0
88828d01cbfffff,1.0
88828d01c7fffff,4.0
88828d0199fffff,302.0
88828d0193fffff,18.0
88828d018bfffff,1.0
88828d016bfffff,868.0
88828d0169fffff,1114.0
88828d0163fffff,2.0
88828d015dfffff,75.0
88828d0159fffff,1.0
88828d0153fffff,1.0
88828d014dfffff,1075.0
88828d014bfffff,472.0
88828d0149fffff,38.0
88828d0147fffff,680.0
88828d0145fffff,4002.0
88828d0143fffff,396.0
88828d0141fffff,472.0
88828d013bfffff,19.0
88828d012dfffff,1.0
88828d011dfffff,1.0
88828d011bfffff,7.0
88828d0119fffff,1.0
88828d0117fffff,75.0
88828d0115fffff,208.0
88828d010dfffff,491.0
88828d0107fffff,1.0
88828d0105fffff,1.0
88828d0103fffff,57.0
88828d0101fffff,19.0
88828d00e5fffff,19.0
88828d00abfffff,4.0
88828d00a1fffff,1.0
88828d0085fffff,1.0
88828d006dfffff,132.0
88828d0069fffff,906.0
88828d0065fffff,1.0
88828d0029fffff,1.0
88828d0025fffff,38.0
888289b26bfffff,129.0
888289b247fffff,68.0
8882899a6bfffff,352.0
8882899a5bfffff,803.0
8882899a59fffff,176.0
8882899a0dfffff,729.0
888289974dfffff,352.0
8882899749fffff,150.0
88828996e9fffff,151.0
88828996e7fffff,25.0
88828996e1fffff,126.0
88828996cdfffff,50.0
88828996c9fffff,929.0
88828996c5fffff,9.0
88828996c1fffff,25.0
88828996adfffff,51.0
88828996a3fffff,25.0
88828996a1fffff,25.0
8882899613fffff,204.0
8882899595fffff,201.0
888289955bfffff,176.0
8882899557fffff,201.0
8882899553fffff,126.0
888289952dfffff,100.0
8882899529fffff,201.0
888289951dfffff,628.0
8882899519fffff,251.0
8882899505fffff,101.0
8882899503fffff,527.0
8882899501fffff,50.0
88828994d7fffff,8.0
88828994d5fffff,9.0
88828994d3fffff,25.0
88828994cbfffff,25.0
88828994c9fffff,1.0
88828994c3fffff,25.0
888289946bfffff,276.0
8882899467fffff,201.0
8882899463fffff,251.0
888289945dfffff,5.0
888289945bfffff,126.0
8882899455fffff,6.0
8882899453fffff,3.0
8882899451fffff,50.0
8882899447fffff,6.0
8882899443fffff,3.0
888289942dfffff,151.0
888289940dfffff,100.0
8882899335fffff,76.0
88828992e1fffff,25.0
88828992bdfffff,151.0
88828992bbfffff,201.0
88828992b5fffff,25.0
88828992adfffff,75.0
88828992a7fffff,252.0
88828992a1fffff,301.0
8882899297fffff,25.0
8882899293fffff,201.0
888289925bfffff,301.0
888289921bfffff,402.0
8882899213fffff,51.0
8882899211fffff,150.0
88828991edfffff,25.0
88828991e9fffff,76.0
88828991e7fffff,1.0
88828991e3fffff,302.0
88828991e1fffff,678.0
88828991bbfffff,301.0
88828991b9fffff,252.0
8882899193fffff,25.0
8882899187fffff,753.0
8882899185fffff,101.0
8882899183fffff,150.0
8882899167fffff,503.0
8882899165fffff,75.0
8882899163fffff,402.0
888289914bfffff,151.0
8882899143fffff,50.0
888289911dfffff,301.0
8882899117fffff,50.0
8882899115fffff,8.0
8882899111fffff,76.0
888289910bfffff,25.0
8882899107fffff,301.0
8882899105fffff,251.0
8882899103fffff,151.0
8882899101fffff,1.0
88828990abfffff,352.0
88828990a7fffff,1.0
88828990a3fffff,75.0
888289908dfffff,1055.0
8882899085fffff,151.0
888289860bfffff,762.0
8882898601fffff,176.0
888289826dfffff,150.0
888289826bfffff,2939.0
8882898269fffff,1482.0
8882898263fffff,201.0
8882898261fffff,552.0
888289825dfffff,1.0
888289825bfffff,25.0
8882898255fffff,1.0
8882898253fffff,376.0
888289824dfffff,151.0
8882898247fffff,879.0
8882898245fffff,2562.0
8882898243fffff,527.0
888288b76dfffff,678.0
888288b761fffff,1156.0
888288b6dbfffff,151.0
888288b6d9fffff,25.0
888288b6d5fffff,125.0
888288b6d1fffff,126.0
888288b6c3fffff,75.0
888288b6b9fffff,201.0
888288b6abfffff,1533.0
888288b6a9fffff,1582.0
888288b697fffff,578.0
888288b695fffff,276.0
888288b693fffff,176.0
888288b691fffff,75.0
888288b68bfffff,51.0
888288b683fffff,201.0
888288b65bfffff,226.0
888288b651fffff,150.0
888288b64dfffff,1.0
888288b647fffff,477.0
888288b645fffff,302.0
888288b643fffff,527.0
888288b641fffff,50.0
888288b45bfffff,25.0
888288b2edfffff,452.0
888288b2ebfffff,1.0
888288b2e9fffff,26.0
888288b2e7fffff,1.0
888288b2e5fffff,14.0
888288b2e1fffff,44.0
888288b2cdfffff,1.0
888288b2c9fffff,1.0
888288b2c5fffff,1.0
888288b2c1fffff,1.0
888288b2bbfffff,626.0
888288b2b9fffff,101.0
888288b2adfffff,1105.0
888288b2abfffff,452.0
888288b2a9fffff,402.0
888288b2a1fffff,502.0
888288b29bfffff,151.0
888288b297fffff,201.0
888288b295fffff,1.0
888288b287fffff,225.0
888288b25bfffff,176.0
888288b253fffff,126.0
888288b23bfffff,1256.0
888288b239fffff,2.0
888288b237fffff,1884.0
888288b233fffff,5.0
888288b231fffff,1582.0
888288b21bfffff,1.0
888288b219fffff,326.0
888288b217fffff,578.0
888288b215fffff,1.0
888288b213fffff,1079.0
888288b211fffff,2.0
888288b05dfffff,1256.0
888288b059fffff,1608.0
888288b051fffff,653.0
88825246ebfffff,136.0
8882524687fffff,135.0
