88ab143b4dfffff,50.0
88ab143b49fffff,266.0
88ab143a6dfffff,114.0
88ab143a69fffff,384.0
88ab143a5dfffff,436.0
88ab143a59fffff,1471.0
88ab143a55fffff,834.0
88ab143a51fffff,1261.0
88ab143a4dfffff,218.0
88ab143a4bfffff,408.0
88ab143a49fffff,184.0
88ab143a47fffff,500.0
88ab143a43fffff,1456.0
88ab143a0bfffff,728.0
88ab14316dfffff,211.0
88ab143169fffff,473.0
88ab143161fffff,1156.0
88ab14313dfffff,533.0
88ab14312dfffff,627.0
88ab14312bfffff,351.0
88ab143127fffff,750.0
88ab143123fffff,530.0
88ab143121fffff,449.0
88ab14310dfffff,267.0
88ab143109fffff,87.0
88ab143107fffff,239.0
88ab143103fffff,417.0
88ab143101fffff,279.0
88ab1405edfffff,12.0
88ab1405ebfffff,28.0
88ab1405e9fffff,28.0
88ab1405e7fffff,283.0
88ab1405e3fffff,145.0
88ab1405e1fffff,33.0
88ab1405dbfffff,199.0
88ab1405d7fffff,88.0
88ab1405d5fffff,223.0
88ab1405d3fffff,250.0
88ab1405d1fffff,220.0
88ab1405c7fffff,18.0
88ab1405c5fffff,1.0
88ab1405c3fffff,6.0
88ab1405bdfffff,185.0
88ab1405bbfffff,196.0
88ab1405b9fffff,678.0
88ab1405b7fffff,367.0
88ab1405b5fffff,165.0
88ab1405b3fffff,237.0
88ab1405b1fffff,579.0
88ab1405adfffff,15.0
88ab1405abfffff,40.0
88ab1405a9fffff,95.0
88ab1405a7fffff,136.0
88ab1405a5fffff,105.0
88ab1405a3fffff,476.0
88ab1405a1fffff,91.0
88ab14059dfffff,451.0
88ab140599fffff,347.0
88ab140597fffff,504.0
88ab140595fffff,370.0
88ab140593fffff,757.0
88ab140591fffff,589.0
88ab14058dfffff,85.0
88ab14058bfffff,291.0
88ab140589fffff,160.0
88ab140587fffff,371.0
88ab140585fffff,228.0
88ab140583fffff,727.0
88ab140581fffff,508.0
88ab1404e7fffff,199.0
88ab1404e3fffff,145.0
88ab1404bdfffff,630.0
88ab1404bbfffff,403.0
88ab1404b9fffff,694.0
88ab1404b7fffff,330.0
88ab1404b5fffff,515.0
88ab1404b3fffff,321.0
88ab1404b1fffff,435.0
88ab1404adfffff,144.0
88ab1404abfffff,755.0
88ab1404a9fffff,592.0
88ab1404a7fffff,262.0
88ab1404a5fffff,45.0
88ab1404a3fffff,218.0
88ab1404a1fffff,458.0
88ab140495fffff,1793.0
88ab140493fffff,457.0
88ab140491fffff,957.0
88ab140487fffff,1109.0
88ab140485fffff,134.0
88ab140483fffff,375.0
88a243db6dfffff,1181.0
88a243db6bfffff,15.0
88a243db69fffff,213.0
88a243db67fffff,58.0
88a243db65fffff,712.0
88a243db61fffff,10.0
88a243db5dfffff,524.0
88a243db5bfffff,258.0
88a243db59fffff,5.0
88a243db57fffff,601.0
88a243db55fffff,21.0
88a243db53fffff,206.0
88a243db51fffff,388.0
88a243db4dfffff,11.0
88a243db4bfffff,767.0
88a243db49fffff,59.0
88a243db47fffff,10.0
88a243db45fffff,10.0
88a243db43fffff,192.0
88a243db41fffff,31.0
88a243db3dfffff,809.0
88a243db3bfffff,22.0
88a243db35fffff,1320.0
88a243db2dfffff,408.0
88a243db2bfffff,542.0
88a243db29fffff,931.0
88a243db27fffff,353.0
88a243db23fffff,1919.0
88a243db1dfffff,125.0
88a243db1bfffff,708.0
88a243db19fffff,227.0
88a243db17fffff,51.0
88a243db15fffff,94.0
88a243db13fffff,296.0
88a243db11fffff,318.0
88a243db0dfffff,1.0
88a243db07fffff,1025.0
88a243db05fffff,674.0
88a243db03fffff,37.0
88a243db01fffff,334.0
88a243daedfffff,736.0
88a243daebfffff,211.0
88a243dae7fffff,243.0
88a243dae5fffff,954.0
88a243dae3fffff,881.0
88a243dae1fffff,621.0
88a243dacdfffff,79.0
88a243dac5fffff,283.0
88a243dab5fffff,95.0
88a243daadfffff,651.0
88a243daabfffff,19.0
88a243daa9fffff,434.0
88a243daa7fffff,138.0
88a243daa5fffff,99.0
88a243daa3fffff,5.0
88a243daa1fffff,431.0
88a243da85fffff,644.0
88a243da6dfffff,41.0
88a243da6bfffff,31.0
88a243da69fffff,41.0
88a243da67fffff,52.0
88a243da63fffff,206.0
88a243da61fffff,1.0
88a243da5dfffff,28.0
88a243da5bfffff,1.0
88a243da59fffff,111.0
88a243da57fffff,904.0
88a243da55fffff,742.0
88a243da53fffff,868.0
88a243da51fffff,295.0
88a243da4dfffff,755.0
88a243da49fffff,432.0
88a243da47fffff,336.0
88a243da45fffff,9.0
88a243da43fffff,141.0
88a243da41fffff,70.0
88a243da3dfffff,1952.0
88a243da39fffff,1167.0
88a243da37fffff,919.0
88a243da35fffff,1493.0
88a243da33fffff,261.0
88a243da31fffff,578.0
88a243da2bfffff,3244.0
88a243da29fffff,578.0
88a243da27fffff,58.0
88a243da25fffff,523.0
88a243da23fffff,1271.0
88a243da21fffff,734.0
88a243da1dfffff,267.0
88a243da1bfffff,42.0
88a243da19fffff,189.0
88a243da17fffff,6.0
88a243da15fffff,52.0
88a243da11fffff,1.0
88a243da0dfffff,362.0
88a243da0bfffff,791.0
88a243da09fffff,315.0
88a243da07fffff,2356.0
88a243da05fffff,2520.0
88a243da03fffff,386.0
88a243da01fffff,1012.0
88a243d9edfffff,250.0
88a243d9ebfffff,219.0
88a243d9e9fffff,563.0
88a243d9e7fffff,42.0
88a243d9e5fffff,501.0
88a243d9e3fffff,146.0
88a243d9e1fffff,240.0
88a243d9ddfffff,42.0
88a243d9dbfffff,119.0
88a243d9d9fffff,439.0
88a243d9d7fffff,586.0
88a243d9d5fffff,1.0
88a243d9d3fffff,126.0
88a243d9d1fffff,83.0
88a243d9cdfffff,439.0
88a243d9c9fffff,1062.0
88a243d9c7fffff,198.0
88a243d9c5fffff,584.0
88a243d9c3fffff,73.0
88a243d9c1fffff,42.0
88a243d9bdfffff,409.0
88a243d9b5fffff,808.0
88a243d9b1fffff,375.0
88a243d9a9fffff,10.0
88a243d9a7fffff,60.0
88a243d9a5fffff,50.0
88a243d9a3fffff,36.0
88a243d99dfffff,325.0
88a243d999fffff,852.0
88a243d98dfffff,2.0
88a243d98bfffff,135.0
88a243d989fffff,1.0
88a243d987fffff,110.0
88a243d983fffff,339.0
88a243d981fffff,10.0
88a243d96dfffff,2519.0
88a243d96bfffff,124.0
88a243d969fffff,180.0
88a243d967fffff,24.0
88a243d963fffff,696.0
88a243d961fffff,96.0
88a243d95dfffff,2.0
88a243d95bfffff,48.0
88a243d959fffff,24.0
88a243d953fffff,507.0
88a243d951fffff,491.0
88a243d94bfffff,95.0
88a243d949fffff,54.0
88a243d947fffff,414.0
88a243d945fffff,229.0
88a243d943fffff,14.0
88a243d93dfffff,193.0
88a243d939fffff,1.0
88a243d935fffff,21.0
88a243d933fffff,84.0
88a243d931fffff,8.0
88a243d92dfffff,139.0
88a243d92bfffff,229.0
88a243d929fffff,9.0
88a243d927fffff,53.0
88a243d925fffff,44.0
88a243d923fffff,26.0
88a243d921fffff,26.0
88a243d91bfffff,63.0
88a243d917fffff,10.0
88a243d913fffff,2.0
88a243d90dfffff,1074.0
88a243d909fffff,1.0
88a243d907fffff,448.0
88a243d905fffff,1391.0
88a243d903fffff,18.0
88a243d901fffff,519.0
88a243d8edfffff,267.0
88a243d8ebfffff,323.0
88a243d8e9fffff,100.0
88a243d8e5fffff,157.0
88a243d8e3fffff,53.0
88a243d8e1fffff,5.0
88a243d8cdfffff,525.0
88a243d8c9fffff,69.0
88a243d8c7fffff,76.0
88a243d8c5fffff,1506.0
88a243d8c1fffff,816.0
88a243d8adfffff,436.0
88a243d869fffff,7.0
88a243d867fffff,2.0
88a243d865fffff,24.0
88a243d863fffff,14.0
88a243d861fffff,8.0
88a243d85dfffff,1668.0
88a243d85bfffff,185.0
88a243d859fffff,924.0
88a243d855fffff,1423.0
88a243d853fffff,348.0
88a243d851fffff,1652.0
88a243d84dfffff,36.0
88a243d84bfffff,1369.0
88a243d849fffff,8.0
88a243d845fffff,7.0
88a243d843fffff,573.0
88a243d83dfffff,2146.0
88a243d83bfffff,63.0
88a243d839fffff,3979.0
88a243d837fffff,47.0
88a243d835fffff,611.0
88a243d833fffff,1065.0
88a243d831fffff,2773.0
88a243d82dfffff,129.0
88a243d82bfffff,15.0
88a243d829fffff,97.0
88a243d827fffff,48.0
88a243d823fffff,3339.0
88a243d821fffff,499.0
88a243d81dfffff,2.0
88a243d819fffff,31.0
88a243d815fffff,1050.0
88a243d813fffff,397.0
88a243d811fffff,204.0
88a243d80dfffff,43.0
88a243d80bfffff,519.0
88a243d809fffff,540.0
88a243d807fffff,549.0
88a243d803fffff,1253.0
88a243d801fffff,281.0
88a243d32dfffff,1.0
88a243d327fffff,371.0
88a243d325fffff,541.0
88a243d16dfffff,2.0
88a243d167fffff,226.0
88a243d165fffff,154.0
88a243d161fffff,175.0
88a243d14dfffff,70.0
88a243d12dfffff,2.0
88a243d127fffff,651.0
88a243d125fffff,35.0
88a243cb5dfffff,2.0
88a243cb4dfffff,10.0
88a243cb4bfffff,417.0
88a243cb49fffff,91.0
88a243cb41fffff,649.0
88a242b5ebfffff,1326.0
88a242b5e7fffff,322.0
88a242b5e5fffff,1168.0
88a242b5e3fffff,1736.0
88a242b5e1fffff,1571.0
88a242b5ddfffff,223.0
88a242b5dbfffff,442.0
88a242b5d9fffff,254.0
88a242b5d7fffff,186.0
88a242b5d5fffff,92.0
88a242b5d3fffff,1116.0
88a242b5d1fffff,623.0
88a242b5cbfffff,5.0
88a242b5c7fffff,768.0
88a242b5c3fffff,414.0
88a242b5c1fffff,13.0
88a242b5bdfffff,8.0
88a242b5bbfffff,1177.0
88a242b5b9fffff,171.0
88a242b5b7fffff,2089.0
88a242b5b5fffff,845.0
88a242b5b3fffff,612.0
88a242b5b1fffff,45.0
88a242b5adfffff,2170.0
88a242b5abfffff,984.0
88a242b5a9fffff,3973.0
88a242b5a7fffff,530.0
88a242b5a5fffff,2273.0
88a242b5a3fffff,353.0
88a242b5a1fffff,4074.0
88a242b59dfffff,60.0
88a242b59bfffff,991.0
88a242b599fffff,58.0
88a242b597fffff,1461.0
88a242b595fffff,788.0
88a242b593fffff,221.0
88a242b591fffff,219.0
88a242b58dfffff,437.0
88a242b58bfffff,24.0
88a242b589fffff,242.0
88a242b587fffff,1.0
88a242b585fffff,2842.0
88a242b581fffff,488.0
88a242b533fffff,43.0
88a242b4e7fffff,1024.0
88a242b4e5fffff,99.0
88a242b4e3fffff,1313.0
88a242b4bdfffff,198.0
88a242b4bbfffff,52.0
88a242b4b9fffff,201.0
88a242b4b7fffff,2113.0
88a242b4b5fffff,1347.0
88a242b4b3fffff,331.0
88a242b4b1fffff,738.0
88a242b4adfffff,1055.0
88a242b4abfffff,706.0
88a242b4a9fffff,858.0
88a242b4a7fffff,266.0
88a242b4a5fffff,411.0
88a242b4a3fffff,78.0
88a242b4a1fffff,550.0
88a242b49dfffff,335.0
88a242b497fffff,113.0
88a242b495fffff,200.0
88a242b493fffff,24.0
88a242b491fffff,198.0
88a242b48dfffff,1272.0
88a242b48bfffff,588.0
88a242b489fffff,936.0
88a242b487fffff,610.0
88a242b485fffff,676.0
88a242b483fffff,798.0
88a242b481fffff,533.0
88a242b437fffff,623.0
88a242af6dfffff,4847.0
88a242af6bfffff,2250.0
88a242af69fffff,1838.0
88a242af67fffff,1737.0
88a242af65fffff,3105.0
88a242af63fffff,1246.0
88a242af61fffff,3177.0
88a242af5dfffff,1275.0
88a242af5bfffff,2633.0
88a242af59fffff,1244.0
88a242af57fffff,162.0
88a242af55fffff,175.0
88a242af53fffff,1290.0
88a242af51fffff,1084.0
88a242af4dfffff,170.0
88a242af4bfffff,1302.0
88a242af49fffff,733.0
88a242af47fffff,635.0
88a242af45fffff,402.0
88a242af43fffff,708.0
88a242af41fffff,646.0
88a242af3dfffff,130.0
88a242af3bfffff,829.0
88a242af39fffff,328.0
88a242af37fffff,605.0
88a242af35fffff,1831.0
88a242af33fffff,920.0
88a242af31fffff,1727.0
88a242af2dfffff,2946.0
88a242af2bfffff,25.0
88a242af29fffff,1153.0
88a242af27fffff,2842.0
88a242af25fffff,1992.0
88a242af23fffff,553.0
88a242af21fffff,1820.0
88a242af1dfffff,4.0
88a242af1bfffff,455.0
88a242af19fffff,277.0
88a242af17fffff,574.0
88a242af13fffff,310.0
88a242af11fffff,861.0
88a242af0dfffff,18.0
88a242af0bfffff,44.0
88a242af09fffff,8.0
88a242af05fffff,337.0
88a242af03fffff,45.0
88a242af01fffff,163.0
88a242aeedfffff,17.0
88a242aeebfffff,23.0
88a242aee9fffff,101.0
88a242aee7fffff,823.0
88a242aee5fffff,382.0
88a242aee3fffff,124.0
88a242aee1fffff,119.0
88a242aedbfffff,103.0
88a242aed9fffff,8.0
88a242aecdfffff,286.0
88a242aebdfffff,16.0
88a242aebbfffff,683.0
88a242aeb9fffff,162.0
88a242aeb7fffff,1353.0
88a242aeb5fffff,20.0
88a242aeb3fffff,726.0
88a242aeb1fffff,907.0
88a242aeadfffff,402.0
88a242aeabfffff,1.0
88a242aea9fffff,53.0
88a242aea7fffff,1112.0
88a242aea5fffff,1245.0
88a242aea3fffff,4.0
88a242aea1fffff,110.0
88a242ae97fffff,15.0
88a242ae93fffff,11.0
88a242ae8bfffff,123.0
88a242ae89fffff,8.0
88a242ae87fffff,139.0
88a242ae85fffff,16.0
88a242ae83fffff,1189.0
88a242ae81fffff,526.0
88a242ae6dfffff,37.0
88a242ae67fffff,714.0
88a242ae65fffff,932.0
88a242ae63fffff,103.0
88a242ae61fffff,28.0
88a242ae5dfffff,16.0
88a242ae5bfffff,539.0
88a242ae59fffff,397.0
88a242ae57fffff,986.0
88a242ae55fffff,241.0
88a242ae53fffff,339.0
88a242ae51fffff,921.0
88a242ae4bfffff,191.0
88a242ae49fffff,1979.0
88a242ae47fffff,521.0
88a242ae45fffff,469.0
88a242ae43fffff,764.0
88a242ae41fffff,1389.0
88a242ae3dfffff,480.0
88a242ae39fffff,368.0
88a242ae35fffff,173.0
88a242ae33fffff,68.0
88a242ae2dfffff,2983.0
88a242ae2bfffff,1624.0
88a242ae29fffff,1057.0
88a242ae27fffff,900.0
88a242ae25fffff,1134.0
88a242ae23fffff,365.0
88a242ae21fffff,2499.0
88a242ae1dfffff,151.0
88a242ae1bfffff,977.0
88a242ae19fffff,17.0
88a242ae17fffff,8.0
88a242ae11fffff,564.0
88a242ae0dfffff,293.0
88a242ae0bfffff,264.0
88a242ae07fffff,44.0
88a242ae05fffff,736.0
88a242ae03fffff,154.0
88a242ae01fffff,491.0
88a242adedfffff,5.0
88a242adebfffff,17.0
88a242ade9fffff,2.0
88a242ade7fffff,55.0
88a242ade3fffff,17.0
88a242adddfffff,4.0
88a242addbfffff,1.0
88a242add9fffff,4.0
88a242add7fffff,217.0
88a242add5fffff,157.0
88a242add3fffff,9.0
88a242add1fffff,473.0
88a242adcdfffff,51.0
88a242adcbfffff,59.0
88a242adc9fffff,1.0
88a242adc7fffff,17.0
88a242adc5fffff,25.0
88a242adc3fffff,137.0
88a242adc1fffff,25.0
88a242adbdfffff,5.0
88a242adb9fffff,2.0
88a242adb5fffff,114.0
88a242adadfffff,778.0
88a242ada9fffff,59.0
88a242ada7fffff,75.0
88a242ada5fffff,60.0
88a242ada3fffff,15.0
88a242ada1fffff,25.0
88a242ad9dfffff,1.0
88a242ad9bfffff,5.0
88a242ad97fffff,4.0
88a242ad95fffff,157.0
88a242ad91fffff,1.0
88a242ad8bfffff,51.0
88a242ad83fffff,26.0
88a242ad6dfffff,3194.0
88a242ad6bfffff,3011.0
88a242ad69fffff,2990.0
88a242ad67fffff,3673.0
88a242ad65fffff,3393.0
88a242ad63fffff,4421.0
88a242ad61fffff,3865.0
88a242ad5dfffff,1632.0
88a242ad5bfffff,70.0
88a242ad59fffff,1019.0
88a242ad57fffff,408.0
88a242ad55fffff,1900.0
88a242ad53fffff,119.0
88a242ad51fffff,916.0
88a242ad4dfffff,2634.0
88a242ad4bfffff,1658.0
88a242ad49fffff,2306.0
88a242ad47fffff,3077.0
88a242ad45fffff,2295.0
88a242ad43fffff,2410.0
88a242ad41fffff,1731.0
88a242ad3dfffff,3996.0
88a242ad39fffff,1514.0
88a242ad37fffff,5.0
88a242ad35fffff,1142.0
88a242ad33fffff,5.0
88a242ad31fffff,455.0
88a242ad2dfffff,3237.0
88a242ad2bfffff,5301.0
88a242ad29fffff,4201.0
88a242ad27fffff,1068.0
88a242ad25fffff,2472.0
88a242ad23fffff,4688.0
88a242ad21fffff,4339.0
88a242ad1dfffff,4.0
88a242ad17fffff,2.0
88a242ad15fffff,3.0
88a242ad13fffff,1.0
88a242ad11fffff,1.0
88a242ad0dfffff,3464.0
88a242ad0bfffff,1269.0
88a242ad09fffff,1870.0
88a242ad07fffff,4432.0
88a242ad05fffff,4894.0
88a242ad03fffff,1226.0
88a242ad01fffff,4158.0
88a242acedfffff,13.0
88a242acddfffff,47.0
88a242acdbfffff,2451.0
88a242acd9fffff,1811.0
88a242acd7fffff,5.0
88a242acd3fffff,13.0
88a242acd1fffff,204.0
88a242accdfffff,1252.0
88a242accbfffff,149.0
88a242acc9fffff,999.0
88a242acc7fffff,712.0
88a242acc5fffff,345.0
88a242acc3fffff,16.0
88a242acc1fffff,187.0
88a242acbbfffff,3125.0
88a242acb9fffff,471.0
88a242acb7fffff,230.0
88a242acb3fffff,608.0
88a242acb1fffff,138.0
88a242aca9fffff,1.0
88a242aca1fffff,5.0
88a242ac99fffff,12.0
88a242ac97fffff,1378.0
88a242ac95fffff,357.0
88a242ac93fffff,177.0
88a242ac91fffff,195.0
88a242ac8dfffff,4.0
88a242ac8bfffff,321.0
88a242ac89fffff,241.0
88a242ac87fffff,4.0
88a242ac85fffff,34.0
88a242ac83fffff,521.0
88a242ac81fffff,1145.0
88a242ac6dfffff,958.0
88a242ac6bfffff,725.0
88a242ac69fffff,165.0
88a242ac67fffff,49.0
88a242ac65fffff,235.0
88a242ac5dfffff,186.0
88a242ac5bfffff,25.0
88a242ac59fffff,73.0
88a242ac57fffff,54.0
88a242ac55fffff,237.0
88a242ac53fffff,325.0
88a242ac51fffff,67.0
88a242ac49fffff,830.0
88a242ac47fffff,1384.0
88a242ac45fffff,514.0
88a242ac43fffff,1577.0
88a242ac41fffff,791.0
88a242ac3bfffff,1.0
88a242ac37fffff,29.0
88a242ac33fffff,1.0
88a242ac2dfffff,195.0
88a242ac29fffff,9.0
88a242ac27fffff,4.0
88a242ac25fffff,30.0
88a242ac23fffff,29.0
88a242ac1dfffff,1615.0
88a242ac1bfffff,1094.0
88a242ac19fffff,2857.0
88a242ac15fffff,44.0
88a242ac11fffff,420.0
88a242ac0dfffff,461.0
88a242ac0bfffff,157.0
88a242ac09fffff,930.0
88a242ac05fffff,4.0
88a242ac01fffff,1.0
88a242ab13fffff,172.0
88a242aaedfffff,6.0
88a242aaebfffff,875.0
88a242aae9fffff,42.0
88a242aae7fffff,137.0
88a242aae5fffff,240.0
88a242aae3fffff,138.0
88a242aae1fffff,211.0
88a242aaddfffff,51.0
88a242aadbfffff,2105.0
88a242aad9fffff,454.0
88a242aad7fffff,4181.0
88a242aad5fffff,216.0
88a242aad3fffff,4439.0
88a242aad1fffff,431.0
88a242aacdfffff,13.0
88a242aacbfffff,437.0
88a242aac9fffff,113.0
88a242aac7fffff,221.0
88a242aac5fffff,250.0
88a242aac3fffff,16.0
88a242aac1fffff,176.0
88a242aabdfffff,3132.0
88a242aabbfffff,7179.0
88a242aab9fffff,7907.0
88a242aab7fffff,5146.0
88a242aab5fffff,245.0
88a242aab3fffff,6308.0
88a242aab1fffff,7718.0
88a242aaabfffff,247.0
88a242aaa9fffff,342.0
88a242aaa7fffff,79.0
88a242aaa5fffff,27.0
88a242aaa3fffff,1.0
88a242aaa1fffff,9.0
88a242aa9dfffff,5540.0
88a242aa9bfffff,1613.0
88a242aa99fffff,5054.0
88a242aa97fffff,6324.0
88a242aa95fffff,6454.0
88a242aa93fffff,725.0
88a242aa91fffff,5759.0
88a242aa8dfffff,292.0
88a242aa8bfffff,2727.0
88a242aa89fffff,3.0
88a242aa87fffff,3983.0
88a242aa85fffff,340.0
88a242aa83fffff,6018.0
88a242aa81fffff,1301.0
88a242aa53fffff,801.0
88a242aa3bfffff,28.0
88a242aa39fffff,3.0
88a242aa31fffff,23.0
88a242aa1dfffff,569.0
88a242aa1bfffff,171.0
88a242aa19fffff,699.0
88a242aa17fffff,435.0
88a242aa15fffff,85.0
88a242aa13fffff,481.0
88a242aa11fffff,1011.0
88a242aa03fffff,311.0
88a242a9edfffff,129.0
88a242a9ebfffff,19.0
88a242a9e5fffff,41.0
88a242a9e3fffff,12.0
88a242a9e1fffff,10.0
88a242a9d7fffff,1.0
88a242a9d5fffff,1.0
88a242a9d3fffff,1.0
88a242a9cdfffff,132.0
88a242a9cbfffff,6.0
88a242a9c9fffff,36.0
88a242a9c7fffff,47.0
88a242a9c5fffff,43.0
88a242a9c3fffff,4.0
88a242a9c1fffff,1.0
88a242a9adfffff,14.0
88a242a9a7fffff,4.0
88a242a9a5fffff,15.0
88a242a9a3fffff,1.0
88a242a99dfffff,2.0
88a242a99bfffff,2.0
88a242a993fffff,15.0
88a242a991fffff,3.0
88a242a98dfffff,8.0
88a242a985fffff,2.0
88a242a981fffff,1.0
88a242a95bfffff,9.0
88a242a959fffff,172.0
88a242a957fffff,103.0
88a242a951fffff,69.0
88a242a93bfffff,604.0
88a242a939fffff,787.0
88a242a937fffff,11.0
88a242a935fffff,858.0
88a242a931fffff,291.0
88a242a91dfffff,14.0
88a242a91bfffff,83.0
88a242a919fffff,9.0
88a242a917fffff,164.0
88a242a915fffff,410.0
88a242a913fffff,322.0
88a242a911fffff,227.0
88a242a8ebfffff,2015.0
88a242a8e9fffff,226.0
88a242a8e3fffff,163.0
88a242a8e1fffff,155.0
88a242a8ddfffff,6237.0
88a242a8dbfffff,3763.0
88a242a8d9fffff,5067.0
88a242a8d7fffff,3754.0
88a242a8d5fffff,5630.0
88a242a8d3fffff,3488.0
88a242a8d1fffff,4332.0
88a242a8cdfffff,61.0
88a242a8cbfffff,1122.0
88a242a8c7fffff,2845.0
88a242a8c5fffff,764.0
88a242a8c3fffff,5841.0
88a242a8c1fffff,872.0
88a242a8bdfffff,2105.0
88a242a8bbfffff,3503.0
88a242a8b9fffff,4570.0
88a242a8b7fffff,4489.0
88a242a8b5fffff,963.0
88a242a8b3fffff,3349.0
88a242a8b1fffff,5184.0
88a242a8abfffff,102.0
88a242a8a9fffff,3.0
88a242a8a7fffff,1.0
88a242a8a3fffff,411.0
88a242a8a1fffff,72.0
88a242a89dfffff,3826.0
88a242a89bfffff,2447.0
88a242a899fffff,2566.0
88a242a897fffff,3664.0
88a242a895fffff,3792.0
88a242a893fffff,2429.0
88a242a891fffff,3013.0
88a242a88dfffff,705.0
88a242a88bfffff,2436.0
88a242a889fffff,5594.0
88a242a887fffff,400.0
88a242a885fffff,1435.0
88a242a883fffff,1941.0
88a242a881fffff,1173.0
88a242a86dfffff,517.0
88a242a86bfffff,60.0
88a242a869fffff,262.0
88a242a865fffff,122.0
88a242a863fffff,101.0
88a242a861fffff,281.0
88a242a85dfffff,300.0
88a242a85bfffff,1404.0
88a242a859fffff,184.0
88a242a857fffff,4085.0
88a242a855fffff,1289.0
88a242a853fffff,1827.0
88a242a851fffff,4202.0
88a242a84dfffff,26.0
88a242a84bfffff,203.0
88a242a849fffff,62.0
88a242a847fffff,2.0
88a242a845fffff,187.0
88a242a843fffff,962.0
88a242a841fffff,282.0
88a242a83dfffff,167.0
88a242a83bfffff,1.0
88a242a839fffff,704.0
88a242a835fffff,30.0
88a242a831fffff,9.0
88a242a82dfffff,1.0
88a242a82bfffff,43.0
88a242a827fffff,65.0
88a242a823fffff,22.0
88a242a821fffff,4.0
88a242a81dfffff,692.0
88a242a819fffff,597.0
88a242a817fffff,67.0
88a242a815fffff,357.0
88a242a813fffff,24.0
88a242a811fffff,200.0
88a242a80dfffff,647.0
88a242a80bfffff,115.0
88a242a809fffff,221.0
88a242a807fffff,283.0
88a242a803fffff,31.0
88a242a801fffff,1051.0
88a242a76dfffff,65.0
88a242a76bfffff,302.0
88a242a769fffff,41.0
88a242a767fffff,956.0
88a242a765fffff,356.0
88a242a763fffff,112.0
88a242a761fffff,411.0
88a242a75dfffff,1179.0
88a242a75bfffff,921.0
88a242a759fffff,2173.0
88a242a757fffff,53.0
88a242a755fffff,100.0
88a242a753fffff,158.0
88a242a751fffff,14.0
88a242a74dfffff,9.0
88a242a74bfffff,1578.0
88a242a749fffff,1688.0
88a242a747fffff,39.0
88a242a745fffff,313.0
88a242a743fffff,55.0
88a242a741fffff,2024.0
88a242a73dfffff,1807.0
88a242a73bfffff,57.0
88a242a739fffff,421.0
88a242a737fffff,289.0
88a242a735fffff,98.0
88a242a733fffff,628.0
88a242a731fffff,1130.0
88a242a72dfffff,759.0
88a242a72bfffff,2000.0
88a242a729fffff,1763.0
88a242a727fffff,470.0
88a242a725fffff,148.0
88a242a723fffff,718.0
88a242a721fffff,37.0
88a242a71dfffff,21.0
88a242a71bfffff,19.0
88a242a719fffff,6.0
88a242a711fffff,21.0
88a242a70dfffff,576.0
88a242a70bfffff,23.0
88a242a709fffff,33.0
88a242a707fffff,464.0
88a242a705fffff,1210.0
88a242a703fffff,17.0
88a242a701fffff,955.0
88a242a6edfffff,15.0
88a242a6ebfffff,14.0
88a242a6e7fffff,324.0
88a242a6e5fffff,366.0
88a242a6e3fffff,168.0
88a242a6e1fffff,240.0
88a242a6cdfffff,632.0
88a242a6cbfffff,378.0
88a242a6c9fffff,275.0
88a242a6c7fffff,57.0
88a242a6c5fffff,30.0
88a242a6c3fffff,4.0
88a242a6c1fffff,21.0
88a242a6bdfffff,820.0
88a242a6b7fffff,1320.0
88a242a6b5fffff,28.0
88a242a6b1fffff,14.0
88a242a6adfffff,131.0
88a242a6abfffff,212.0
88a242a6a9fffff,2.0
88a242a6a7fffff,114.0
88a242a6a5fffff,14.0
88a242a6a3fffff,199.0
88a242a6a1fffff,157.0
88a242a68dfffff,886.0
88a242a68bfffff,1.0
88a242a689fffff,1171.0
88a242a687fffff,942.0
88a242a685fffff,85.0
88a242a681fffff,998.0
88a242a66dfffff,25.0
88a242a66bfffff,76.0
88a242a669fffff,184.0
88a242a667fffff,1166.0
88a242a665fffff,1.0
88a242a663fffff,410.0
88a242a65dfffff,273.0
88a242a65bfffff,646.0
88a242a659fffff,1301.0
88a242a657fffff,1375.0
88a242a655fffff,133.0
88a242a653fffff,2427.0
88a242a651fffff,389.0
88a242a64dfffff,1265.0
88a242a64bfffff,1591.0
88a242a649fffff,199.0
88a242a647fffff,255.0
88a242a645fffff,107.0
88a242a643fffff,70.0
88a242a641fffff,529.0
88a242a63dfffff,1776.0
88a242a63bfffff,294.0
88a242a639fffff,2344.0
88a242a637fffff,72.0
88a242a633fffff,1864.0
88a242a631fffff,349.0
88a242a62dfffff,97.0
88a242a62bfffff,239.0
88a242a629fffff,468.0
88a242a627fffff,1.0
88a242a625fffff,520.0
88a242a621fffff,671.0
88a242a61dfffff,164.0
88a242a61bfffff,3450.0
88a242a619fffff,3828.0
88a242a617fffff,92.0
88a242a615fffff,521.0
88a242a613fffff,1082.0
88a242a611fffff,705.0
88a242a60dfffff,172.0
88a242a60bfffff,66.0
88a242a609fffff,82.0
88a242a607fffff,126.0
88a242a605fffff,95.0
88a242a603fffff,41.0
88a242a601fffff,12.0
88a242a5edfffff,1.0
88a242a5ebfffff,127.0
88a242a5e9fffff,105.0
88a242a5e7fffff,66.0
88a242a5e5fffff,16.0
88a242a5e3fffff,455.0
88a242a5e1fffff,32.0
88a242a5ddfffff,11.0
88a242a5dbfffff,512.0
88a242a5d9fffff,1183.0
88a242a5d7fffff,1.0
88a242a5d5fffff,113.0
88a242a5d3fffff,834.0
88a242a5cdfffff,523.0
88a242a5cbfffff,31.0
88a242a5c9fffff,38.0
88a242a5c7fffff,720.0
88a242a5c5fffff,397.0
88a242a5c1fffff,495.0
88a242a5bdfffff,2892.0
88a242a5b9fffff,1766.0
88a242a5b7fffff,753.0
88a242a5b5fffff,3223.0
88a242a5b3fffff,27.0
88a242a5b1fffff,1424.0
88a242a5adfffff,213.0
88a242a5abfffff,777.0
88a242a5a9fffff,283.0
88a242a5a3fffff,524.0
88a242a5a1fffff,188.0
88a242a59dfffff,102.0
88a242a59bfffff,285.0
88a242a599fffff,235.0
88a242a597fffff,167.0
88a242a595fffff,839.0
88a242a593fffff,186.0
88a242a591fffff,1079.0
88a242a58dfffff,1970.0
88a242a58bfffff,57.0
88a242a589fffff,42.0
88a242a587fffff,2656.0
88a242a585fffff,1387.0
88a242a583fffff,2318.0
88a242a581fffff,1780.0
88a242a56dfffff,661.0
88a242a569fffff,2196.0
88a242a567fffff,269.0
88a242a565fffff,549.0
88a242a563fffff,179.0
88a242a561fffff,1648.0
88a242a55dfffff,904.0
88a242a559fffff,74.0
88a242a555fffff,43.0
88a242a551fffff,233.0
88a242a54dfffff,436.0
88a242a54bfffff,578.0
88a242a549fffff,597.0
88a242a547fffff,8.0
88a242a545fffff,94.0
88a242a543fffff,328.0
88a242a541fffff,43.0
88a242a53bfffff,9.0
88a242a539fffff,1.0
88a242a533fffff,71.0
88a242a531fffff,16.0
88a242a52bfffff,359.0
88a242a529fffff,336.0
88a242a527fffff,755.0
88a242a525fffff,56.0
88a242a523fffff,56.0
88a242a521fffff,44.0
88a242a51dfffff,99.0
88a242a51bfffff,502.0
88a242a519fffff,303.0
88a242a517fffff,21.0
88a242a515fffff,1.0
88a242a513fffff,62.0
88a242a511fffff,34.0
88a242a50dfffff,440.0
88a242a509fffff,575.0
88a242a505fffff,418.0
88a242a501fffff,729.0
88a242a4edfffff,763.0
88a242a4ebfffff,338.0
88a242a4e9fffff,753.0
88a242a4e5fffff,84.0
88a242a4e3fffff,36.0
88a242a4e1fffff,41.0
88a242a4ddfffff,485.0
88a242a4d7fffff,1551.0
88a242a4d5fffff,48.0
88a242a4d3fffff,149.0
88a242a4d1fffff,517.0
88a242a4cdfffff,1908.0
88a242a4cbfffff,655.0
88a242a4c9fffff,370.0
88a242a4c7fffff,1812.0
88a242a4c5fffff,1855.0
88a242a4c3fffff,968.0
88a242a4c1fffff,3758.0
88a242a4bbfffff,28.0
88a242a4b7fffff,14.0
88a242a4b3fffff,70.0
88a242a4adfffff,738.0
88a242a4abfffff,12.0
88a242a4a9fffff,74.0
88a242a4a7fffff,559.0
88a242a4a5fffff,599.0
88a242a4a3fffff,68.0
88a242a4a1fffff,430.0
88a242a49dfffff,299.0
88a242a497fffff,1.0
88a242a495fffff,1.0
88a242a48dfffff,1475.0
88a242a48bfffff,1131.0
88a242a489fffff,302.0
88a242a487fffff,13.0
88a242a485fffff,339.0
88a242a483fffff,25.0
88a242a481fffff,242.0
88a242a46dfffff,217.0
88a242a46bfffff,204.0
88a242a469fffff,180.0
88a242a465fffff,80.0
88a242a461fffff,634.0
88a242a45dfffff,847.0
88a242a45bfffff,391.0
88a242a459fffff,1376.0
88a242a453fffff,24.0
88a242a451fffff,1.0
88a242a44bfffff,132.0
88a242a447fffff,938.0
88a242a443fffff,1376.0
88a242a441fffff,1421.0
88a242a43dfffff,21.0
88a242a43bfffff,1341.0
88a242a439fffff,31.0
88a242a437fffff,115.0
88a242a435fffff,5.0
88a242a433fffff,1346.0
88a242a431fffff,1083.0
88a242a42dfffff,7.0
88a242a42bfffff,41.0
88a242a427fffff,106.0
88a242a425fffff,640.0
88a242a423fffff,6.0
88a242a421fffff,1.0
88a242a41dfffff,902.0
88a242a41bfffff,57.0
88a242a417fffff,811.0
88a242a415fffff,31.0
88a242a413fffff,433.0
88a242a411fffff,504.0
88a242a40bfffff,249.0
88a242a409fffff,17.0
88a242a403fffff,86.0
88a242a2ddfffff,449.0
88a242a2dbfffff,1053.0
88a242a2d9fffff,1031.0
88a242a2d7fffff,29.0
88a242a2d5fffff,726.0
88a242a2d3fffff,46.0
88a242a2d1fffff,820.0
88a242a2bdfffff,59.0
88a242a2bbfffff,172.0
88a242a2b9fffff,193.0
88a242a2b7fffff,280.0
88a242a2b5fffff,162.0
88a242a2b3fffff,668.0
88a242a2abfffff,140.0
88a242a2a9fffff,9.0
88a242a2a7fffff,1467.0
88a242a2a5fffff,749.0
88a242a2a3fffff,830.0
88a242a2a1fffff,59.0
88a242a29dfffff,204.0
88a242a29bfffff,4041.0
88a242a299fffff,226.0
88a242a297fffff,462.0
88a242a295fffff,205.0
88a242a293fffff,160.0
88a242a291fffff,2003.0
88a242a28dfffff,39.0
88a242a28bfffff,22.0
88a242a289fffff,198.0
88a242a287fffff,164.0
88a242a285fffff,210.0
88a242a283fffff,316.0
88a242a281fffff,609.0
88a242a1edfffff,2709.0
88a242a1ebfffff,2230.0
88a242a1e9fffff,2239.0
88a242a1e7fffff,3449.0
88a242a1e5fffff,1849.0
88a242a1e3fffff,1600.0
88a242a1e1fffff,3823.0
88a242a1ddfffff,2453.0
88a242a1dbfffff,5759.0
88a242a1d9fffff,1442.0
88a242a1d7fffff,5475.0
88a242a1d5fffff,1873.0
88a242a1d3fffff,7994.0
88a242a1d1fffff,3272.0
88a242a1cdfffff,2806.0
88a242a1cbfffff,2030.0
88a242a1c9fffff,511.0
88a242a1c7fffff,2817.0
88a242a1c5fffff,3781.0
88a242a1c3fffff,1763.0
88a242a1c1fffff,2661.0
88a242a1b7fffff,415.0
88a242a1b5fffff,240.0
88a242a1b3fffff,9.0
88a242a1adfffff,2270.0
88a242a1abfffff,370.0
88a242a1a9fffff,772.0
88a242a1a7fffff,319.0
88a242a1a5fffff,2612.0
88a242a1a3fffff,150.0
88a242a1a1fffff,740.0
88a242a19dfffff,223.0
88a242a19bfffff,1.0
88a242a199fffff,4597.0
88a242a191fffff,49.0
88a242a18dfffff,3490.0
88a242a18bfffff,8.0
88a242a189fffff,62.0
88a242a187fffff,635.0
88a242a185fffff,2187.0
88a242a183fffff,80.0
88a242a181fffff,2452.0
88a242a13dfffff,61.0
88a242a13bfffff,1250.0
88a242a139fffff,1742.0
88a242a137fffff,343.0
88a242a135fffff,907.0
88a242a133fffff,1554.0
88a242a131fffff,2754.0
88a242a12dfffff,221.0
88a242a12bfffff,90.0
88a242a129fffff,3.0
88a242a127fffff,202.0
88a242a125fffff,1010.0
88a242a123fffff,22.0
88a242a121fffff,156.0
88a242a11dfffff,762.0
88a242a11bfffff,1469.0
88a242a117fffff,2217.0
88a242a115fffff,3703.0
88a242a113fffff,3919.0
88a242a111fffff,2385.0
88a242a107fffff,1360.0
88a242a105fffff,74.0
88a242a103fffff,3916.0
88a242a101fffff,228.0
88a242a0edfffff,2056.0
88a242a0ebfffff,3469.0
88a242a0e9fffff,3103.0
88a242a0e7fffff,4903.0
88a242a0e5fffff,3683.0
88a242a0e3fffff,5666.0
88a242a0e1fffff,4045.0
88a242a0ddfffff,1314.0
88a242a0dbfffff,1248.0
88a242a0d9fffff,392.0
88a242a0d7fffff,1547.0
88a242a0d5fffff,2619.0
88a242a0d3fffff,679.0
88a242a0d1fffff,831.0
88a242a0cdfffff,213.0
88a242a0cbfffff,991.0
88a242a0c9fffff,801.0
88a242a0c7fffff,3742.0
88a242a0c5fffff,2600.0
88a242a0c3fffff,3690.0
88a242a0c1fffff,1112.0
88a242a0bdfffff,452.0
88a242a0bbfffff,1.0
88a242a0b5fffff,34.0
88a242a0adfffff,8131.0
88a242a0abfffff,5227.0
88a242a0a9fffff,3329.0
88a242a0a7fffff,191.0
88a242a0a5fffff,3831.0
88a242a0a3fffff,3248.0
88a242a0a1fffff,607.0
88a242a09dfffff,570.0
88a242a09bfffff,435.0
88a242a099fffff,1.0
88a242a097fffff,904.0
88a242a095fffff,1225.0
88a242a093fffff,527.0
88a242a091fffff,1969.0
88a242a08dfffff,3909.0
88a242a08bfffff,1035.0
88a242a089fffff,1943.0
88a242a087fffff,921.0
88a242a085fffff,4393.0
88a242a081fffff,571.0
88a242a03bfffff,3011.0
88a242a037fffff,744.0
88a242a035fffff,16.0
88a242a033fffff,2578.0
88a242a031fffff,89.0
88a242a01bfffff,2115.0
88a242a019fffff,104.0
88a242a017fffff,2342.0
88a242a013fffff,1721.0
88a242a011fffff,2698.0
88a2423addfffff,2901.0
88a2423adbfffff,596.0
88a2423ad9fffff,366.0
88a2423ad5fffff,1734.0
88a2423ad3fffff,32.0
88a2423ad1fffff,583.0
88a2423acbfffff,2665.0
88a2423ac9fffff,5.0
88a2423ac7fffff,985.0
88a2423ac5fffff,448.0
88a2423ac3fffff,1207.0
88a2423ac1fffff,930.0
88a2423a9dfffff,844.0
88a2423a9bfffff,970.0
88a2423a99fffff,1.0
88a2423a93fffff,2582.0
88a2423a91fffff,2364.0
88a2423a8dfffff,43.0
88a2423a8bfffff,111.0
88a2423a89fffff,846.0
88a2423a81fffff,152.0
88a2423a6bfffff,341.0
88a2423a69fffff,497.0
88a2423a5dfffff,12.0
88a2423a59fffff,6.0
88a2423a57fffff,5.0
88a2423a55fffff,1.0
88a2423a53fffff,21.0
88a2423a51fffff,9.0
88a2423a4dfffff,26.0
88a2423a49fffff,1.0
88a2423a47fffff,7.0
88a2423a45fffff,2.0
88a2423a1bfffff,10.0
88a2423a19fffff,109.0
88a2423a13fffff,19.0
88a2423a11fffff,95.0
88a2423a0bfffff,268.0
88a2423a09fffff,92.0
88a242376dfffff,1136.0
88a242376bfffff,347.0
88a2423769fffff,14.0
88a2423767fffff,419.0
88a2423765fffff,1918.0
88a2423763fffff,10.0
88a2423761fffff,19.0
88a242375dfffff,23.0
88a2423759fffff,58.0
88a2423757fffff,6.0
88a2423755fffff,8.0
88a2423753fffff,52.0
88a2423751fffff,1.0
88a242374dfffff,10.0
88a242374bfffff,171.0
88a2423749fffff,188.0
88a2423747fffff,5.0
88a2423745fffff,2.0
88a2423743fffff,13.0
88a2423741fffff,26.0
88a242373bfffff,25.0
88a2423739fffff,22.0
88a2423737fffff,585.0
88a2423735fffff,692.0
88a2423733fffff,16.0
88a242372dfffff,1646.0
88a242372bfffff,646.0
88a2423729fffff,69.0
88a2423727fffff,2683.0
88a2423725fffff,626.0
88a2423723fffff,2305.0
88a2423721fffff,3407.0
88a242371bfffff,226.0
88a2423719fffff,81.0
88a2423717fffff,52.0
88a2423715fffff,19.0
88a2423713fffff,220.0
88a2423711fffff,14.0
88a242370dfffff,231.0
88a242370bfffff,145.0
88a2423709fffff,768.0
88a2423707fffff,3.0
88a2423701fffff,35.0
88a24236edfffff,185.0
88a24236ebfffff,48.0
88a24236e3fffff,27.0
88a24236e1fffff,1.0
88a24236d9fffff,52.0
88a24236d7fffff,56.0
88a24236c7fffff,9.0
88a24236adfffff,1.0
88a24236a9fffff,109.0
88a24236a7fffff,2.0
88a24236a3fffff,636.0
88a24236a1fffff,151.0
88a242369dfffff,70.0
88a242369bfffff,80.0
88a2423699fffff,24.0
88a2423697fffff,266.0
88a2423695fffff,28.0
88a2423693fffff,1.0
88a2423691fffff,14.0
88a242368bfffff,28.0
88a2423669fffff,1.0
88a2423661fffff,4.0
88a242365dfffff,46.0
88a242365bfffff,77.0
88a2423659fffff,100.0
88a2423657fffff,1.0
88a2423655fffff,80.0
88a2423651fffff,16.0
88a2423643fffff,1.0
88a242363bfffff,54.0
88a2423637fffff,1.0
88a2423635fffff,1.0
88a2423633fffff,184.0
88a242362dfffff,46.0
88a2423627fffff,307.0
88a2423625fffff,197.0
88a2423621fffff,6.0
88a2423617fffff,68.0
88a2423615fffff,89.0
88a2423611fffff,14.0
88a2423609fffff,1.0
88a2423607fffff,22.0
88a2423605fffff,1.0
88a24235edfffff,115.0
88a24235ebfffff,225.0
88a24235e9fffff,207.0
88a24235e7fffff,206.0
88a24235e5fffff,7.0
88a24235e3fffff,212.0
88a24235e1fffff,67.0
88a24235ddfffff,79.0
88a24235dbfffff,2325.0
88a24235d9fffff,344.0
88a24235d7fffff,24.0
88a24235d5fffff,65.0
88a24235d1fffff,327.0
88a24235cdfffff,1758.0
88a24235cbfffff,221.0
88a24235c9fffff,312.0
88a24235c7fffff,478.0
88a24235c5fffff,763.0
88a24235c3fffff,674.0
88a24235c1fffff,1855.0
88a24235adfffff,170.0
88a24235abfffff,67.0
88a24235a9fffff,754.0
88a24235a1fffff,81.0
88a242358dfffff,258.0
88a242358bfffff,74.0
88a2423589fffff,517.0
88a2423587fffff,10.0
88a2423585fffff,85.0
88a2423581fffff,74.0
88a242356dfffff,726.0
88a242356bfffff,76.0
88a2423569fffff,31.0
88a2423565fffff,429.0
88a2423563fffff,982.0
88a2423561fffff,240.0
88a242355dfffff,874.0
88a242355bfffff,37.0
88a2423559fffff,26.0
88a2423557fffff,936.0
88a2423555fffff,2011.0
88a2423553fffff,85.0
88a2423551fffff,292.0
88a242354dfffff,958.0
88a242354bfffff,2636.0
88a2423549fffff,2668.0
88a2423547fffff,241.0
88a2423545fffff,502.0
88a2423543fffff,1415.0
88a2423541fffff,2353.0
88a242353dfffff,12.0
88a242353bfffff,948.0
88a2423537fffff,1.0
88a2423535fffff,626.0
88a2423533fffff,280.0
88a2423531fffff,194.0
88a242352dfffff,1.0
88a242352bfffff,1.0
88a2423527fffff,1831.0
88a2423525fffff,78.0
88a2423523fffff,389.0
88a2423521fffff,279.0
88a242351dfffff,287.0
88a242351bfffff,1552.0
88a2423519fffff,133.0
88a2423517fffff,224.0
88a2423515fffff,1.0
88a2423513fffff,1486.0
88a2423511fffff,99.0
88a242350dfffff,20.0
88a242350bfffff,1019.0
88a2423509fffff,117.0
88a2423505fffff,20.0
88a2423503fffff,24.0
88a2423501fffff,6.0
88a24234edfffff,4631.0
88a24234e9fffff,89.0
88a24234e7fffff,775.0
88a24234e5fffff,4521.0
88a24234e1fffff,3158.0
88a24234c9fffff,616.0
88a24234adfffff,414.0
88a24234a9fffff,18.0
88a24234a1fffff,520.0
88a242346dfffff,15.0
88a242346bfffff,40.0
88a2423465fffff,50.0
88a2423463fffff,168.0
88a242345dfffff,6.0
88a242345bfffff,27.0
88a2423459fffff,253.0
88a2423453fffff,26.0
88a242344dfffff,596.0
88a2423447fffff,110.0
88a2423445fffff,400.0
88a2423443fffff,5.0
88a2423441fffff,1.0
88a242343dfffff,896.0
88a242343bfffff,1149.0
88a2423439fffff,98.0
88a2423437fffff,14.0
88a2423435fffff,24.0
88a2423433fffff,1602.0
88a2423431fffff,688.0
88a242342dfffff,6.0
88a2423429fffff,33.0
88a2423427fffff,123.0
88a2423425fffff,24.0
88a2423423fffff,47.0
88a2423421fffff,7.0
88a242341dfffff,130.0
88a242341bfffff,17.0
88a2423417fffff,381.0
88a2423415fffff,464.0
88a2423413fffff,3.0
88a2423411fffff,2420.0
88a242340dfffff,648.0
88a2423405fffff,9.0
88a2423403fffff,26.0
88a242335bfffff,5.0
88a2423345fffff,7.0
88a2423335fffff,7.0
88a2423333fffff,1.0
88a2423327fffff,2.0
88a2423325fffff,26.0
88a242331bfffff,133.0
88a2423313fffff,55.0
88a24232ddfffff,793.0
88a24232dbfffff,297.0
88a24232d9fffff,75.0
88a24232d7fffff,1.0
88a24232d5fffff,163.0
88a24232d3fffff,119.0
88a24232d1fffff,247.0
88a24232cdfffff,20.0
88a24232cbfffff,357.0
88a24232c9fffff,885.0
88a24232c7fffff,1.0
88a24232c3fffff,227.0
88a24232bbfffff,2105.0
88a24232b9fffff,689.0
88a24232b7fffff,888.0
88a24232b5fffff,257.0
88a24232b3fffff,1046.0
88a24232b1fffff,785.0
88a242329dfffff,27.0
88a242329bfffff,28.0
88a2423299fffff,1.0
88a2423297fffff,46.0
88a2423295fffff,973.0
88a2423293fffff,86.0
88a242328bfffff,5.0
88a2423289fffff,5.0
88a2423287fffff,45.0
88a2423283fffff,59.0
88a2423281fffff,5.0
88a242326bfffff,37.0
88a2423263fffff,79.0
88a2423261fffff,5.0
88a242325dfffff,3139.0
88a242325bfffff,1193.0
88a2423259fffff,563.0
88a2423257fffff,1366.0
88a2423255fffff,2405.0
88a2423253fffff,2090.0
88a2423251fffff,338.0
88a242324dfffff,242.0
88a242324bfffff,2405.0
88a2423249fffff,54.0
88a2423247fffff,624.0
88a2423245fffff,279.0
88a2423243fffff,2842.0
88a2423241fffff,1281.0
88a2423239fffff,14.0
88a242322dfffff,70.0
88a242322bfffff,1.0
88a2423229fffff,49.0
88a2423227fffff,80.0
88a2423225fffff,54.0
88a2423223fffff,5.0
88a2423221fffff,129.0
88a242321dfffff,357.0
88a242321bfffff,281.0
88a2423219fffff,453.0
88a2423217fffff,20.0
88a2423215fffff,164.0
88a2423213fffff,44.0
88a2423211fffff,124.0
88a242320dfffff,164.0
88a242320bfffff,749.0
88a2423209fffff,86.0
88a2423207fffff,2.0
88a2423205fffff,30.0
88a2423203fffff,20.0
88a24231edfffff,75.0
88a24231ebfffff,11.0
88a24231e9fffff,7.0
88a24231e7fffff,239.0
88a24231e5fffff,108.0
88a24231e1fffff,444.0
88a24231ddfffff,76.0
88a24231d9fffff,41.0
88a24231d5fffff,18.0
88a24231d1fffff,54.0
88a24231cbfffff,55.0
88a24231bbfffff,50.0
88a24231b9fffff,62.0
88a24231b7fffff,10.0
88a24231b1fffff,94.0
88a24231adfffff,66.0
88a24231a7fffff,57.0
88a24231a5fffff,239.0
88a24231a3fffff,22.0
88a2423193fffff,31.0
88a2423191fffff,41.0
88a242318bfffff,3.0
88a2423187fffff,4.0
88a2423149fffff,19.0
88a242313dfffff,107.0
88a242313bfffff,54.0
88a2423137fffff,1626.0
88a2423135fffff,53.0
88a2423133fffff,657.0
88a2423131fffff,5.0
88a242312bfffff,17.0
88a2423127fffff,5.0
88a2423125fffff,2.0
88a2423121fffff,1.0
88a242311dfffff,64.0
88a2423117fffff,180.0
88a2423115fffff,10.0
88a2423113fffff,26.0
88a2423111fffff,104.0
88a2423107fffff,75.0
88a24230edfffff,925.0
88a24230ebfffff,1954.0
88a24230e9fffff,401.0
88a24230e5fffff,498.0
88a24230e3fffff,181.0
88a24230e1fffff,1220.0
88a24230ddfffff,206.0
88a24230dbfffff,1114.0
88a24230d9fffff,401.0
88a24230d5fffff,102.0
88a24230d3fffff,10.0
88a24230d1fffff,45.0
88a24230cbfffff,32.0
88a24230c7fffff,1093.0
88a24230c5fffff,20.0
88a24230c3fffff,1345.0
88a24230c1fffff,72.0
88a24230bdfffff,7.0
88a24230bbfffff,34.0
88a24230b9fffff,488.0
88a24230b7fffff,49.0
88a24230b5fffff,94.0
88a24230b3fffff,296.0
88a24230b1fffff,1.0
88a24230abfffff,31.0
88a24230a7fffff,147.0
88a24230a5fffff,63.0
88a24230a3fffff,477.0
88a24230a1fffff,70.0
88a242309dfffff,50.0
88a242309bfffff,89.0
88a2423099fffff,1.0
88a2423097fffff,15.0
88a2423095fffff,1.0
88a2423093fffff,1.0
88a242308dfffff,1412.0
88a242308bfffff,89.0
88a2423089fffff,1523.0
88a2423087fffff,240.0
88a2423085fffff,20.0
88a2423083fffff,1147.0
88a2423081fffff,208.0
88a242306dfffff,19.0
88a242306bfffff,7.0
88a2423069fffff,20.0
88a2423063fffff,34.0
88a242305dfffff,1.0
88a2423057fffff,10.0
88a2423051fffff,19.0
88a242304dfffff,50.0
88a242304bfffff,1.0
88a2423049fffff,1.0
88a2423045fffff,1.0
88a2423043fffff,1.0
88a242303dfffff,20.0
88a242303bfffff,82.0
88a2423039fffff,20.0
88a2423037fffff,144.0
88a2423035fffff,129.0
88a2423033fffff,185.0
88a2423029fffff,109.0
88a2423025fffff,13.0
88a242301dfffff,1.0
88a2423019fffff,27.0
88a2423017fffff,7.0
88a2423015fffff,14.0
88a2423013fffff,27.0
88a2423011fffff,6.0
88a242300dfffff,7.0
88a2423009fffff,14.0
88a2423007fffff,7.0
88a2423005fffff,252.0
88a2423001fffff,1.0
88a242235dfffff,151.0
88a242235bfffff,624.0
88a2422359fffff,180.0
88a2422353fffff,358.0
88a2422351fffff,187.0
88a242234dfffff,612.0
88a2422343fffff,128.0
88a2422341fffff,475.0
88a24222e9fffff,20.0
88a24222ddfffff,1.0
88a24222dbfffff,103.0
88a24222d5fffff,1.0
88a24222cdfffff,1820.0
88a24222cbfffff,12.0
88a24222c9fffff,656.0
88a24222c7fffff,1.0
88a24222c5fffff,800.0
88a24222c3fffff,54.0
88a24222c1fffff,146.0
88a2422289fffff,6.0
88a242226bfffff,154.0
88a2422269fffff,1655.0
88a2422267fffff,1544.0
88a2422265fffff,802.0
88a2422263fffff,235.0
88a2422261fffff,2351.0
88a242225dfffff,476.0
88a242225bfffff,16.0
88a2422259fffff,77.0
88a2422255fffff,3150.0
88a2422253fffff,16.0
88a2422251fffff,8.0
88a242224dfffff,75.0
88a242224bfffff,444.0
88a2422249fffff,303.0
88a2422247fffff,114.0
88a2422245fffff,1097.0
88a2422243fffff,509.0
88a242223dfffff,304.0
88a2422239fffff,38.0
88a2422231fffff,1.0
88a242222dfffff,449.0
88a2422221fffff,102.0
88a242221dfffff,4.0
88a242221bfffff,1972.0
88a2422217fffff,17.0
88a2422213fffff,1837.0
88a2422211fffff,1.0
88a242220dfffff,588.0
88a2422209fffff,404.0
88a2422205fffff,445.0
88a2422203fffff,569.0
88a2422201fffff,133.0
88a24206ddfffff,266.0
88a24206d7fffff,129.0
88a24206d5fffff,369.0
88a24206d3fffff,230.0
88a24206d1fffff,155.0
88a24206cbfffff,690.0
88a24206c7fffff,164.0
88a24206c3fffff,335.0
88a24206c1fffff,1.0
88a24206bdfffff,7.0
88a24206bbfffff,21.0
88a24206b9fffff,129.0
88a24206abfffff,8.0
88a24206a7fffff,246.0
88a24206a3fffff,35.0
88a24206a1fffff,112.0
88a242069dfffff,31.0
88a2420699fffff,25.0
88a2420695fffff,42.0
88a2420691fffff,2.0
88a242068bfffff,288.0
88a2420689fffff,114.0
88a2420687fffff,1004.0
88a2420685fffff,1.0
88a2420683fffff,463.0
88a2420681fffff,20.0
88a24205d7fffff,11.0
88a24205d5fffff,1.0
88a24205d3fffff,1.0
88a24205cbfffff,81.0
88a24205c3fffff,155.0
88a242059dfffff,25.0
88a242059bfffff,238.0
88a2420599fffff,45.0
88a2420597fffff,1634.0
88a2420593fffff,39.0
88a2420591fffff,275.0
88a242058bfffff,70.0
88a2420589fffff,24.0
88a2420583fffff,18.0
88a24204edfffff,40.0
88a24204ebfffff,15.0
88a24204e9fffff,77.0
88a24204e7fffff,16.0
88a24204e3fffff,87.0
88a24204e1fffff,36.0
88a24204ddfffff,1.0
88a24204d7fffff,2.0
88a24204d5fffff,47.0
88a24204d3fffff,7.0
88a24204cdfffff,30.0
88a24204cbfffff,1.0
88a24204c9fffff,25.0
88a24204c7fffff,108.0
88a24204c5fffff,1.0
88a24204c3fffff,236.0
88a24204c1fffff,23.0
88a24204bbfffff,12.0
88a24204b9fffff,66.0
88a24204b5fffff,13.0
88a24204adfffff,8.0
88a24204a9fffff,26.0
88a24204a5fffff,19.0
88a24204a1fffff,39.0
88a242049dfffff,12.0
88a242049bfffff,12.0
88a2420495fffff,21.0
88a242048dfffff,38.0
88a242048bfffff,2.0
88a2420489fffff,238.0
88a2420487fffff,68.0
88a2420485fffff,157.0
88a2420483fffff,38.0
88a2420481fffff,57.0
88a2420463fffff,186.0
88a242043bfffff,292.0
88a2420439fffff,15.0
88a2420437fffff,14.0
88a2420435fffff,2.0
88a2420431fffff,19.0
88a242042dfffff,53.0
88a242042bfffff,247.0
88a2420429fffff,188.0
88a2420421fffff,16.0
88a242041bfffff,714.0
88a2420417fffff,216.0
88a2420415fffff,299.0
88a2420413fffff,613.0
88a2420405fffff,32.0
88a240696dfffff,414.0
88a240696bfffff,558.0
88a2406969fffff,407.0
88a2406967fffff,545.0
88a2406965fffff,71.0
88a2406963fffff,633.0
88a2406961fffff,604.0
88a2406947fffff,102.0
88a240693dfffff,365.0
88a2406939fffff,270.0
88a2406935fffff,1187.0
88a240692dfffff,1352.0
88a240692bfffff,737.0
88a2406929fffff,1768.0
88a2406927fffff,1552.0
88a2406925fffff,3700.0
88a2406923fffff,861.0
88a2406921fffff,613.0
88a240690dfffff,790.0
88a2406907fffff,1765.0
88a2406905fffff,768.0
88a2406903fffff,551.0
88a2406901fffff,924.0
