883f4db34dfffff,10.0
883f4db349fffff,1.0
883f4db341fffff,2.0
883f4db269fffff,4.0
883f4db25bfffff,215.0
883f4db259fffff,25.0
883f4db257fffff,1.0
883f4db253fffff,1.0
883f4db251fffff,6.0
883f4db24dfffff,1.0
883f4db24bfffff,3.0
883f4db249fffff,171.0
883f4db247fffff,22.0
883f4db245fffff,62.0
883f4db243fffff,3.0
883f4db241fffff,5.0
883f4db209fffff,1.0
883f4d951dfffff,2.0
883f4d951bfffff,4.0
883f4d9519fffff,11.0
883f4d9511fffff,1.0
883f4d94bbfffff,76.0
883f4d94b9fffff,202.0
883f4d94b7fffff,13.0
883f4d94b1fffff,54.0
883f4d949dfffff,25.0
883f4d9497fffff,68.0
883f4d9495fffff,360.0
883f4d9491fffff,15.0
883f4d9487fffff,6.0
883f4d9485fffff,6.0
883f4d9483fffff,3.0
883f4d9481fffff,1.0
883f4d9427fffff,37.0
883f4d9425fffff,13.0
883f4d865bfffff,1.0
883f4d8659fffff,3.0
882da6b75dfffff,9.0
882da6b75bfffff,27.0
882da6b759fffff,18.0
882da6b757fffff,105.0
882da6b755fffff,17.0
882da6b753fffff,24.0
882da6b751fffff,16.0
882da6b74bfffff,5.0
882da6b743fffff,1.0
882da6b71dfffff,38.0
882da6b71bfffff,14.0
882da6b719fffff,180.0
882da6b713fffff,29.0
882da6b711fffff,36.0
882da6b70bfffff,37.0
882da6b709fffff,140.0
882da6b6d3fffff,29.0
882da6b6c3fffff,17.0
882da6b6bdfffff,2.0
882da6b6bbfffff,138.0
882da6b6b9fffff,2.0
882da6b6b5fffff,8.0
882da6b6b3fffff,30.0
882da6b6b1fffff,9.0
882da6b6a9fffff,1.0
882da6b6a7fffff,219.0
882da6b6a5fffff,3.0
882da6b6a3fffff,72.0
882da6b6a1fffff,1.0
882da6b69dfffff,2.0
882da6b69bfffff,232.0
882da6b699fffff,133.0
882da6b697fffff,8.0
882da6b693fffff,23.0
882da6b691fffff,222.0
882da6b66dfffff,1.0
882da6b66bfffff,27.0
882da6b669fffff,25.0
882da6b667fffff,190.0
882da6b665fffff,141.0
882da6b663fffff,33.0
882da6b661fffff,161.0
882da6b65dfffff,21.0
882da6b65bfffff,1.0
882da6b655fffff,40.0
882da6b64dfffff,23.0
882da6b64bfffff,302.0
882da6b649fffff,22.0
882da6b647fffff,7.0
882da6b645fffff,19.0
882da6b643fffff,38.0
882da6b641fffff,17.0
882da6b63dfffff,137.0
882da6b63bfffff,30.0
882da6b639fffff,440.0
882da6b637fffff,12.0
882da6b635fffff,34.0
882da6b633fffff,14.0
882da6b631fffff,215.0
882da6b62dfffff,15.0
882da6b62bfffff,43.0
882da6b629fffff,77.0
882da6b627fffff,19.0
882da6b625fffff,13.0
882da6b623fffff,32.0
882da6b621fffff,19.0
882da6b615fffff,17.0
882da6b60dfffff,21.0
882da6b60bfffff,17.0
882da6b609fffff,14.0
882da6b607fffff,90.0
882da6b605fffff,11.0
882da6b603fffff,97.0
882da6b601fffff,11.0
882da6b59bfffff,63.0
882da6b593fffff,353.0
882da6b4dbfffff,91.0
882da6b4d7fffff,116.0
882da6b4d5fffff,25.0
882da6b4d3fffff,36.0
882da6b4d1fffff,190.0
882da6b4cdfffff,48.0
882da6b4c9fffff,103.0
882da6b4bdfffff,386.0
882da6b4bbfffff,844.0
882da6b4b9fffff,378.0
882da6b4b7fffff,455.0
882da6b4b5fffff,506.0
882da6b4b3fffff,632.0
882da6b4b1fffff,575.0
882da6b4abfffff,193.0
882da6b4a7fffff,10.0
882da6b4a5fffff,17.0
882da6b4a3fffff,80.0
882da6b49dfffff,269.0
882da6b49bfffff,754.0
882da6b499fffff,322.0
882da6b497fffff,898.0
882da6b495fffff,646.0
882da6b493fffff,837.0
882da6b491fffff,789.0
882da6b48bfffff,232.0
882da6b487fffff,274.0
882da6b485fffff,92.0
882da6b483fffff,512.0
882da6b481fffff,201.0
882da6b45dfffff,1.0
882da6b459fffff,11.0
882da6b453fffff,5.0
882da6b44dfffff,7.0
882da6b44bfffff,118.0
882da6b449fffff,8.0
882da6b447fffff,30.0
882da6b445fffff,22.0
882da6b443fffff,41.0
882da6b441fffff,10.0
882da6b43bfffff,134.0
882da6b439fffff,40.0
882da6b41dfffff,6.0
882da6b41bfffff,94.0
882da6b417fffff,107.0
882da6b415fffff,8.0
882da6b413fffff,20.0
882da6b411fffff,23.0
882da6b40bfffff,1.0
882da6b409fffff,2.0
882da6b407fffff,36.0
882da6b405fffff,36.0
882da6b403fffff,7.0
882da6b401fffff,2.0
882da6a65dfffff,193.0
882da6a65bfffff,320.0
882da6a659fffff,332.0
882da6a657fffff,130.0
882da6a655fffff,114.0
882da6a651fffff,160.0
882da6a64dfffff,67.0
882da6a64bfffff,153.0
882da6a649fffff,86.0
882da6a647fffff,123.0
882da6a645fffff,183.0
882da6a643fffff,258.0
882da6a641fffff,23.0
882da6a63dfffff,31.0
882da6a639fffff,1.0
882da6a631fffff,23.0
882da6a60bfffff,30.0
882da6a609fffff,81.0
882da6a607fffff,22.0
882da6a603fffff,5.0
882da6a601fffff,1.0
882da4db6bfffff,19.0
882da4db69fffff,28.0
882da4db4dfffff,8.0
882da4db4bfffff,38.0
882da4db49fffff,13.0
882da4db43fffff,23.0
882da4db41fffff,6.0
882da4db3dfffff,323.0
882da4db39fffff,34.0
882da4db37fffff,137.0
882da4db35fffff,160.0
882da4db31fffff,27.0
882da4db2bfffff,79.0
882da4db29fffff,14.0
882da4db27fffff,56.0
882da4db23fffff,124.0
882da4db21fffff,2.0
882da4db0bfffff,14.0
882da4db07fffff,256.0
882da4db05fffff,49.0
882da4db03fffff,15.0
882da4db01fffff,2.0
882da4d9edfffff,8.0
882da4d9ebfffff,11.0
882da4d9e9fffff,27.0
882da4d9e7fffff,757.0
882da4d9e5fffff,11.0
882da4d9e3fffff,329.0
882da4d9e1fffff,64.0
882da4d9ddfffff,22.0
882da4d9dbfffff,72.0
882da4d9d9fffff,50.0
882da4d9d7fffff,398.0
882da4d9d5fffff,187.0
882da4d9d3fffff,58.0
882da4d9d1fffff,209.0
882da4d9cdfffff,618.0
882da4d9cbfffff,19.0
882da4d9c9fffff,4.0
882da4d9c7fffff,40.0
882da4d9c5fffff,90.0
882da4d9c3fffff,47.0
882da4d9c1fffff,66.0
882da4d9bdfffff,10.0
882da4d9bbfffff,66.0
882da4d9b9fffff,13.0
882da4d9b7fffff,8.0
882da4d9b5fffff,9.0
882da4d9b3fffff,5.0
882da4d9b1fffff,3.0
882da4d9adfffff,74.0
882da4d9abfffff,16.0
882da4d9a9fffff,114.0
882da4d9a7fffff,33.0
882da4d9a5fffff,48.0
882da4d9a3fffff,12.0
882da4d9a1fffff,18.0
882da4d99dfffff,66.0
882da4d99bfffff,17.0
882da4d999fffff,100.0
882da4d997fffff,163.0
882da4d995fffff,55.0
882da4d993fffff,125.0
882da4d991fffff,543.0
882da4d98dfffff,122.0
882da4d98bfffff,38.0
882da4d989fffff,57.0
882da4d987fffff,6.0
882da4d985fffff,46.0
882da4d983fffff,47.0
882da4d981fffff,19.0
882da4d96bfffff,141.0
882da4d969fffff,3.0
882da4d967fffff,91.0
882da4d965fffff,59.0
882da4d963fffff,509.0
882da4d961fffff,238.0
882da4d95dfffff,487.0
882da4d957fffff,33.0
882da4d955fffff,16.0
882da4d953fffff,153.0
882da4d951fffff,32.0
882da4d94dfffff,5.0
882da4d94bfffff,448.0
882da4d949fffff,24.0
882da4d947fffff,98.0
882da4d945fffff,5.0
882da4d943fffff,412.0
882da4d941fffff,125.0
882da4d93dfffff,145.0
882da4d93bfffff,5.0
882da4d939fffff,54.0
882da4d937fffff,14.0
882da4d935fffff,82.0
882da4d931fffff,19.0
882da4d92bfffff,11.0
882da4d929fffff,43.0
882da4d923fffff,31.0
882da4d921fffff,3.0
882da4d91dfffff,106.0
882da4d91bfffff,118.0
882da4d919fffff,38.0
882da4d917fffff,18.0
882da4d915fffff,8.0
882da4d913fffff,47.0
882da4d911fffff,95.0
882da4d90dfffff,479.0
882da4d90bfffff,80.0
882da4d909fffff,114.0
882da4d907fffff,10.0
882da4d905fffff,164.0
882da4d903fffff,31.0
882da4d901fffff,43.0
882da4d8bdfffff,6.0
882da4d8bbfffff,365.0
882da4d8b9fffff,32.0
882da4d8b7fffff,43.0
882da4d8b5fffff,3.0
882da4d8b3fffff,264.0
882da4d8b1fffff,35.0
882da4d8adfffff,64.0
882da4d8a9fffff,15.0
882da4d8a7fffff,31.0
882da4d8a5fffff,8.0
882da4d8a3fffff,25.0
882da4d897fffff,41.0
882da4d895fffff,94.0
882da4d887fffff,9.0
882da4d827fffff,166.0
882da4d825fffff,117.0
882da4d535fffff,6.0
882da4cf6bfffff,6.0
882da4cf65fffff,10.0
882da4cf5bfffff,8.0
882da4cf57fffff,164.0
882da4cf47fffff,30.0
882da4cf37fffff,28.0
882da4cf31fffff,5.0
882da4cf2bfffff,14.0
882da4cf29fffff,4.0
882da4cf27fffff,20.0
882da4cf25fffff,3.0
882da4cf21fffff,10.0
882da4cf1dfffff,30.0
882da4cf1bfffff,46.0
882da4cf15fffff,159.0
882da4cf13fffff,1.0
882da4cf11fffff,31.0
882da4ceebfffff,327.0
882da4cee9fffff,11.0
882da4cee7fffff,8.0
882da4cee3fffff,222.0
882da4cecdfffff,589.0
882da4cec9fffff,474.0
882da4cec7fffff,571.0
882da4cec5fffff,549.0
882da4cec3fffff,16.0
882da4cec1fffff,290.0
882da4cebdfffff,712.0
882da4ceb9fffff,62.0
882da4ceb7fffff,857.0
882da4ceb5fffff,978.0
882da4ceb3fffff,288.0
882da4ceb1fffff,798.0
882da4ceabfffff,847.0
882da4cea9fffff,388.0
882da4cea7fffff,5.0
882da4cea3fffff,277.0
882da4cea1fffff,300.0
882da4ce8dfffff,640.0
882da4ce89fffff,56.0
882da4ce87fffff,468.0
882da4ce85fffff,849.0
882da4ce81fffff,227.0
882da4ce6dfffff,32.0
882da4ce6bfffff,76.0
882da4ce69fffff,510.0
882da4ce67fffff,16.0
882da4ce63fffff,30.0
882da4ce61fffff,22.0
882da4ce5bfffff,148.0
882da4ce59fffff,97.0
882da4ce55fffff,5.0
882da4ce53fffff,6.0
882da4ce4dfffff,92.0
882da4ce4bfffff,36.0
882da4ce49fffff,20.0
882da4ce47fffff,4.0
882da4ce45fffff,218.0
882da4ce43fffff,18.0
882da4ce41fffff,5.0
882da4ce39fffff,14.0
882da4ce37fffff,218.0
882da4ce35fffff,93.0
882da4ce31fffff,10.0
882da4ce2dfffff,11.0
882da4ce2bfffff,61.0
882da4ce29fffff,258.0
882da4ce27fffff,70.0
882da4ce25fffff,11.0
882da4ce23fffff,47.0
882da4ce21fffff,46.0
882da4ce1bfffff,690.0
882da4ce19fffff,15.0
882da4ce17fffff,1.0
882da4ce15fffff,7.0
882da4ce13fffff,268.0
882da4ce11fffff,7.0
882da4ce0dfffff,9.0
882da4ce07fffff,13.0
882da4ce05fffff,14.0
882da4ce03fffff,20.0
882da4ce01fffff,2.0
882da4cdebfffff,87.0
882da4cdddfffff,93.0
882da4cdd9fffff,213.0
882da4cdd7fffff,51.0
882da4cdd5fffff,40.0
882da4cdd3fffff,194.0
882da4cdd1fffff,41.0
882da4cdcbfffff,8.0
882da4cdc9fffff,11.0
882da4cdc7fffff,370.0
882da4cdc5fffff,9.0
882da4cdc3fffff,38.0
882da4cdc1fffff,3.0
882da4cdb3fffff,114.0
882da4cda7fffff,36.0
882da4cda5fffff,13.0
882da4cd9dfffff,15.0
882da4cd9bfffff,79.0
882da4cd99fffff,196.0
882da4cd97fffff,87.0
882da4cd95fffff,24.0
882da4cd93fffff,90.0
882da4cd91fffff,79.0
882da4cd8dfffff,76.0
882da4cd8bfffff,35.0
882da4cd89fffff,222.0
882da4cd83fffff,72.0
882da4cd6dfffff,22.0
882da4cd6bfffff,4.0
882da4cd67fffff,7.0
882da4cd61fffff,14.0
882da4cd5dfffff,11.0
882da4cd5bfffff,42.0
882da4cd59fffff,32.0
882da4cd57fffff,57.0
882da4cd55fffff,31.0
882da4cd53fffff,46.0
882da4cd51fffff,68.0
882da4cd4dfffff,76.0
882da4cd4bfffff,5.0
882da4cd49fffff,1.0
882da4cd47fffff,192.0
882da4cd43fffff,1.0
882da4cd41fffff,7.0
882da4cd3dfffff,122.0
882da4cd3bfffff,20.0
882da4cd39fffff,1.0
882da4cd37fffff,2.0
882da4cd35fffff,17.0
882da4cd31fffff,3.0
882da4cd2dfffff,7.0
882da4cd2bfffff,169.0
882da4cd23fffff,14.0
882da4cd1dfffff,115.0
882da4cd19fffff,41.0
882da4cd17fffff,40.0
882da4cd15fffff,43.0
882da4cd11fffff,85.0
882da4cd0dfffff,104.0
882da4cd0bfffff,157.0
882da4cd09fffff,548.0
882da4cd07fffff,96.0
882da4cd05fffff,46.0
882da4cd03fffff,149.0
882da4cd01fffff,207.0
882da4cce7fffff,5.0
882da4cce5fffff,6.0
882da4cce3fffff,1.0
882da4ccddfffff,776.0
882da4ccd9fffff,806.0
882da4ccd7fffff,718.0
882da4ccd5fffff,402.0
882da4ccd3fffff,51.0
882da4ccd1fffff,826.0
882da4cccdfffff,5.0
882da4cccbfffff,675.0
882da4ccc9fffff,140.0
882da4ccc7fffff,65.0
882da4ccc5fffff,3.0
882da4ccc3fffff,207.0
882da4ccc1fffff,223.0
882da4ccbdfffff,171.0
882da4ccbbfffff,558.0
882da4ccb9fffff,74.0
882da4ccb7fffff,71.0
882da4ccb5fffff,3.0
882da4ccb3fffff,144.0
882da4ccb1fffff,370.0
882da4ccadfffff,1.0
882da4cca9fffff,8.0
882da4cca5fffff,22.0
882da4cca1fffff,26.0
882da4cc9dfffff,616.0
882da4cc99fffff,52.0
882da4cc97fffff,643.0
882da4cc95fffff,691.0
882da4cc93fffff,626.0
882da4cc91fffff,606.0
882da4cc8dfffff,100.0
882da4cc8bfffff,177.0
882da4cc89fffff,74.0
882da4cc87fffff,7.0
882da4cc83fffff,1.0
882da4cc67fffff,10.0
882da4cc63fffff,44.0
882da4cc5dfffff,130.0
882da4cc5bfffff,9.0
882da4cc59fffff,7.0
882da4cc57fffff,8.0
882da4cc4bfffff,50.0
882da4cc49fffff,90.0
882da4cc43fffff,13.0
882da4cc37fffff,109.0
882da4cc31fffff,11.0
882da4cc2dfffff,106.0
882da4cc2bfffff,8.0
882da4cc29fffff,256.0
882da4cc1dfffff,33.0
882da4cc19fffff,5.0
882da4cc17fffff,9.0
882da4cc13fffff,5.0
882da4cc11fffff,11.0
882da4cc0dfffff,14.0
882da4cc0bfffff,158.0
882da4cc09fffff,11.0
882da4cc07fffff,29.0
882da4cc05fffff,310.0
882da4cc03fffff,18.0
882da4cc01fffff,86.0
882da4cb59fffff,5.0
882da4cb55fffff,1.0
882da4cb53fffff,7.0
882da4cb4dfffff,102.0
882da4cb4bfffff,15.0
882da4cb49fffff,3.0
882da4cb47fffff,15.0
882da4cb45fffff,3.0
882da4cb43fffff,1.0
882da4cb41fffff,11.0
882da4cb1dfffff,1.0
882da4cb1bfffff,36.0
882da4cb19fffff,47.0
882da4cb13fffff,9.0
882da4cb11fffff,1.0
882da4cb0dfffff,1.0
882da4cb0bfffff,9.0
882da4caedfffff,47.0
882da4caebfffff,135.0
882da4cae9fffff,121.0
882da4cae7fffff,58.0
882da4cae5fffff,46.0
882da4cae3fffff,6.0
882da4cae1fffff,70.0
882da4caddfffff,104.0
882da4cadbfffff,77.0
882da4cad9fffff,375.0
882da4cad7fffff,246.0
882da4cad5fffff,13.0
882da4cad3fffff,264.0
882da4cad1fffff,376.0
882da4cacdfffff,126.0
882da4cacbfffff,130.0
882da4cac9fffff,16.0
882da4cac7fffff,17.0
882da4cac5fffff,116.0
882da4cac3fffff,41.0
882da4cac1fffff,140.0
882da4cabdfffff,1.0
882da4cabbfffff,4.0
882da4cab5fffff,1.0
882da4caadfffff,31.0
882da4caabfffff,36.0
882da4caa9fffff,21.0
882da4caa7fffff,69.0
882da4caa5fffff,14.0
882da4caa3fffff,54.0
882da4caa1fffff,365.0
882da4ca99fffff,5.0
882da4ca91fffff,6.0
882da4ca8dfffff,13.0
882da4ca6dfffff,153.0
882da4ca6bfffff,16.0
882da4ca69fffff,378.0
882da4ca67fffff,28.0
882da4ca65fffff,21.0
882da4ca63fffff,4.0
882da4ca61fffff,46.0
882da4ca5dfffff,29.0
882da4ca5bfffff,22.0
882da4ca59fffff,76.0
882da4ca57fffff,124.0
882da4ca55fffff,22.0
882da4ca53fffff,49.0
882da4ca51fffff,86.0
882da4ca4dfffff,68.0
882da4ca4bfffff,38.0
882da4ca49fffff,4.0
882da4ca47fffff,45.0
882da4ca45fffff,28.0
882da4ca43fffff,17.0
882da4ca41fffff,15.0
882da4ca3dfffff,99.0
882da4ca3bfffff,95.0
882da4ca39fffff,294.0
882da4ca37fffff,115.0
882da4ca35fffff,38.0
882da4ca33fffff,45.0
882da4ca31fffff,71.0
882da4ca2dfffff,23.0
882da4ca2bfffff,57.0
882da4ca29fffff,18.0
882da4ca27fffff,398.0
882da4ca25fffff,77.0
882da4ca23fffff,283.0
882da4ca21fffff,44.0
882da4ca1dfffff,705.0
882da4ca1bfffff,52.0
882da4ca19fffff,106.0
882da4ca17fffff,13.0
882da4ca15fffff,501.0
882da4ca13fffff,57.0
882da4ca11fffff,301.0
882da4ca0dfffff,83.0
882da4ca0bfffff,396.0
882da4ca09fffff,52.0
882da4ca07fffff,72.0
882da4ca05fffff,25.0
882da4ca03fffff,807.0
882da4ca01fffff,130.0
882da4c9dbfffff,235.0
882da4c8edfffff,3.0
882da4c8ebfffff,281.0
882da4c8e9fffff,16.0
882da4c8e7fffff,24.0
882da4c8e3fffff,27.0
882da4c8e1fffff,6.0
882da4c8cdfffff,27.0
882da4c8cbfffff,1.0
882da4c8c9fffff,56.0
882da4c8c7fffff,78.0
882da4c8c5fffff,302.0
882da4c8c3fffff,19.0
882da4c8c1fffff,14.0
882da4c8bdfffff,1.0
882da4c8bbfffff,5.0
882da4c8b5fffff,15.0
882da4c8b1fffff,13.0
882da4c8adfffff,25.0
882da4c8abfffff,7.0
882da4c8a3fffff,3.0
882da4c8a1fffff,2.0
882da4c89dfffff,7.0
882da4c89bfffff,91.0
882da4c895fffff,2.0
882da4c893fffff,3.0
882da4c891fffff,1.0
882da4c88dfffff,44.0
882da4c88bfffff,1.0
882da4c889fffff,5.0
882da4c887fffff,2.0
882da4c885fffff,17.0
882da4c883fffff,8.0
882da4c881fffff,54.0
882da4c86bfffff,26.0
882da4c869fffff,28.0
882da4c85dfffff,286.0
882da4c85bfffff,56.0
882da4c859fffff,64.0
882da4c857fffff,186.0
882da4c855fffff,182.0
882da4c853fffff,98.0
882da4c851fffff,237.0
882da4c84dfffff,479.0
882da4c84bfffff,39.0
882da4c849fffff,479.0
882da4c847fffff,14.0
882da4c845fffff,24.0
882da4c843fffff,13.0
882da4c841fffff,134.0
882da4c83bfffff,25.0
882da4c839fffff,7.0
882da4c81dfffff,126.0
882da4c81bfffff,10.0
882da4c819fffff,20.0
882da4c817fffff,37.0
882da4c815fffff,17.0
882da4c813fffff,220.0
882da4c811fffff,28.0
882da4c80dfffff,9.0
882da4c80bfffff,258.0
882da4c809fffff,6.0
882da4c803fffff,10.0
882da4c801fffff,19.0
882da4c565fffff,70.0
882da4c52dfffff,199.0
882da4c527fffff,801.0
882da4c525fffff,477.0
882da4c521fffff,230.0
882da4c33bfffff,4.0
882da4c335fffff,1.0
882da4c2ebfffff,2.0
882da4c2e3fffff,7.0
882da4c2ddfffff,53.0
882da4c2d5fffff,112.0
882da4c2cbfffff,2.0
882da4c2c3fffff,87.0
882da4c2bdfffff,16.0
882da4c2b7fffff,1.0
882da4c2b5fffff,14.0
882da4c2b1fffff,3.0
882da4c2abfffff,8.0
882da4c2a9fffff,1.0
882da4c2a7fffff,42.0
882da4c2a5fffff,3.0
882da4c2a3fffff,1.0
882da4c2a1fffff,30.0
882da4c289fffff,60.0
882da4c285fffff,22.0
882da4c281fffff,13.0
882da4c1e5fffff,7.0
882da4c1e3fffff,23.0
882da4c1ddfffff,3.0
882da4c1dbfffff,7.0
882da4c1d9fffff,30.0
882da4c1d7fffff,50.0
882da4c1d5fffff,10.0
882da4c1d3fffff,5.0
882da4c1d1fffff,162.0
882da4c1cdfffff,21.0
882da4c1c9fffff,8.0
882da4c1c3fffff,6.0
882da4c1bdfffff,2.0
882da4c1bbfffff,1.0
882da4c1b9fffff,7.0
882da4c1adfffff,25.0
882da4c1abfffff,7.0
882da4c1a9fffff,1.0
882da4c1a3fffff,27.0
882da4c19dfffff,122.0
882da4c19bfffff,158.0
882da4c199fffff,175.0
882da4c197fffff,179.0
882da4c195fffff,166.0
882da4c193fffff,230.0
882da4c191fffff,454.0
882da4c18dfffff,38.0
882da4c18bfffff,5.0
882da4c189fffff,9.0
882da4c16dfffff,21.0
882da4c16bfffff,1.0
882da4c169fffff,22.0
882da4c167fffff,47.0
882da4c165fffff,13.0
882da4c163fffff,19.0
882da4c161fffff,3.0
882da4c15dfffff,5.0
882da4c159fffff,19.0
882da4c155fffff,8.0
882da4c14dfffff,8.0
882da4c14bfffff,11.0
882da4c149fffff,1.0
882da4c147fffff,12.0
882da4c145fffff,14.0
882da4c143fffff,16.0
882da4c141fffff,17.0
882da4c13dfffff,19.0
882da4c13bfffff,8.0
882da4c137fffff,6.0
882da4c135fffff,1.0
882da4c133fffff,20.0
882da4c131fffff,35.0
882da4c12dfffff,37.0
882da4c12bfffff,11.0
882da4c129fffff,42.0
882da4c127fffff,22.0
882da4c125fffff,24.0
882da4c123fffff,13.0
882da4c121fffff,16.0
882da4c11dfffff,1.0
882da4c11bfffff,17.0
882da4c10dfffff,10.0
882da4c10bfffff,8.0
882da4c109fffff,3.0
882da4c105fffff,49.0
882da4c103fffff,11.0
882da4c0ebfffff,68.0
882da4c0e9fffff,16.0
882da4c0e5fffff,5.0
882da4c0e3fffff,4.0
882da4c0d7fffff,108.0
882da4c0d5fffff,39.0
882da4c0cdfffff,65.0
882da4c0c9fffff,3.0
882da4c0c7fffff,76.0
882da4c0c5fffff,376.0
882da4c0c3fffff,1.0
882da4c0c1fffff,71.0
882da4c0bdfffff,9.0
882da4c0bbfffff,21.0
882da4c0b7fffff,44.0
882da4c0b5fffff,130.0
882da4c0adfffff,42.0
882da4c0abfffff,5.0
882da4c0a7fffff,63.0
882da4c0a5fffff,51.0
882da4c0a3fffff,33.0
882da4c0a1fffff,65.0
882da4c09dfffff,229.0
882da4c095fffff,16.0
882da4c08dfffff,6.0
882da4c08bfffff,100.0
882da4c089fffff,8.0
882da4c083fffff,23.0
882da4c06dfffff,5.0
882da4c06bfffff,51.0
882da4c069fffff,11.0
882da4c067fffff,14.0
882da4c065fffff,3.0
882da4c063fffff,382.0
882da4c061fffff,46.0
882da4c05dfffff,2.0
882da4c05bfffff,6.0
882da4c057fffff,6.0
882da4c03dfffff,16.0
882da4c03bfffff,5.0
882da4c037fffff,3.0
882da4c031fffff,4.0
882da4c02bfffff,37.0
882da4c029fffff,153.0
882da4c025fffff,28.0
882da4c021fffff,1.0
882da4c01dfffff,3.0
882da4c01bfffff,19.0
882da4c019fffff,5.0
882da4c017fffff,8.0
882da4c015fffff,1.0
882da4c013fffff,13.0
882da4c011fffff,33.0
882da4c00dfffff,32.0
882da4c005fffff,95.0
882da47b6dfffff,3.0
882da47b69fffff,1.0
882da47b67fffff,473.0
882da47b65fffff,56.0
882da47b63fffff,75.0
882da47b61fffff,80.0
882da47b5bfffff,185.0
882da47b53fffff,225.0
882da47b51fffff,3.0
882da47b47fffff,11.0
882da47b45fffff,16.0
882da47b41fffff,1.0
882da47b3dfffff,122.0
882da47b39fffff,41.0
882da47b35fffff,14.0
882da47b31fffff,86.0
882da47b2dfffff,219.0
882da47b29fffff,38.0
882da47b25fffff,38.0
882da47b21fffff,2.0
882da47b1dfffff,23.0
882da47b19fffff,16.0
882da47b15fffff,2.0
882da47b0dfffff,6.0
882da47b09fffff,1.0
882da47b05fffff,3.0
882da47b01fffff,1.0
882da47aedfffff,702.0
882da47aebfffff,1.0
882da47ae9fffff,74.0
882da47ae7fffff,23.0
882da47ae5fffff,24.0
882da47ae3fffff,5.0
882da47ae1fffff,49.0
882da47addfffff,6.0
882da47adbfffff,16.0
882da47ad5fffff,5.0
882da47ad3fffff,1.0
882da47ad1fffff,2.0
882da47acdfffff,8.0
882da47acbfffff,5.0
882da47ac9fffff,13.0
882da47ac7fffff,4.0
882da47ac5fffff,15.0
882da47ac1fffff,28.0
882da47aabfffff,22.0
882da47aa9fffff,2.0
882da47aa7fffff,480.0
882da47aa3fffff,48.0
882da47aa1fffff,30.0
882da47a97fffff,1.0
882da47a89fffff,5.0
882da47a6bfffff,147.0
882da47a67fffff,49.0
882da47a63fffff,11.0
882da47a61fffff,16.0
882da47a5dfffff,6.0
882da47a5bfffff,175.0
882da47a59fffff,19.0
882da47a55fffff,15.0
882da47a51fffff,1.0
882da47a4dfffff,1.0
882da47a4bfffff,21.0
882da47a49fffff,35.0
882da47a47fffff,11.0
882da47a45fffff,1.0
882da47a43fffff,41.0
882da47a41fffff,1.0
882da47a3bfffff,257.0
882da47a39fffff,1.0
882da47a37fffff,23.0
882da47a35fffff,45.0
882da47a33fffff,16.0
882da47a2dfffff,109.0
882da47a2bfffff,40.0
882da47a25fffff,1.0
882da47a23fffff,8.0
882da47a19fffff,1.0
882da47a17fffff,428.0
882da47a15fffff,70.0
882da47a13fffff,11.0
882da47a11fffff,75.0
882da47a0dfffff,4.0
882da47a09fffff,442.0
882da47a05fffff,1.0
882da479edfffff,2.0
882da479e9fffff,1.0
882da479e7fffff,183.0
882da479e3fffff,15.0
882da479dbfffff,30.0
882da479d9fffff,8.0
882da479d7fffff,73.0
882da479d5fffff,22.0
882da479d3fffff,40.0
882da479d1fffff,58.0
882da479bdfffff,77.0
882da479bbfffff,538.0
882da479b9fffff,60.0
882da479b7fffff,74.0
882da479b5fffff,3.0
882da479b3fffff,594.0
882da479b1fffff,119.0
882da479adfffff,25.0
882da479abfffff,149.0
882da479a9fffff,521.0
882da479a7fffff,70.0
882da479a5fffff,99.0
882da479a3fffff,150.0
882da479a1fffff,147.0
882da4799dfffff,59.0
882da4799bfffff,16.0
882da47999fffff,9.0
882da47997fffff,285.0
882da47995fffff,194.0
882da47993fffff,36.0
882da47991fffff,185.0
882da4798bfffff,5.0
882da47987fffff,13.0
882da47985fffff,6.0
882da47983fffff,54.0
882da47981fffff,17.0
882da47961fffff,2.0
882da4795dfffff,293.0
882da4795bfffff,37.0
882da47959fffff,1.0
882da47957fffff,31.0
882da47955fffff,444.0
882da47953fffff,2.0
882da47951fffff,142.0
882da47947fffff,22.0
882da47945fffff,11.0
882da47943fffff,150.0
882da4793bfffff,5.0
882da47939fffff,5.0
882da47935fffff,1.0
882da4791dfffff,126.0
882da4791bfffff,3.0
882da47919fffff,1.0
882da47917fffff,20.0
882da47915fffff,414.0
882da47911fffff,21.0
882da4790dfffff,71.0
882da47909fffff,267.0
882da47907fffff,240.0
882da47903fffff,261.0
882da47901fffff,142.0
882da478edfffff,19.0
882da478ebfffff,59.0
882da478e9fffff,94.0
882da478e7fffff,23.0
882da478e5fffff,1.0
882da478e3fffff,33.0
882da478e1fffff,70.0
882da478ddfffff,11.0
882da478d7fffff,359.0
882da478d5fffff,256.0
882da478d1fffff,6.0
882da478cdfffff,39.0
882da478cbfffff,95.0
882da478c9fffff,316.0
882da478c7fffff,41.0
882da478c5fffff,21.0
882da478c3fffff,2.0
882da478c1fffff,166.0
882da478bdfffff,9.0
882da478bbfffff,95.0
882da478b9fffff,10.0
882da478b7fffff,38.0
882da478b5fffff,207.0
882da478b3fffff,215.0
882da478b1fffff,248.0
882da478adfffff,1.0
882da478abfffff,23.0
882da478a9fffff,1.0
882da478a7fffff,92.0
882da478a5fffff,40.0
882da478a3fffff,178.0
882da478a1fffff,33.0
882da4789dfffff,16.0
882da4789bfffff,11.0
882da47899fffff,5.0
882da47897fffff,84.0
882da47895fffff,39.0
882da47893fffff,70.0
882da47891fffff,112.0
882da4788dfffff,52.0
882da4788bfffff,78.0
882da47889fffff,19.0
882da47887fffff,9.0
882da47885fffff,57.0
882da47883fffff,33.0
882da47881fffff,21.0
882da47863fffff,57.0
882da47859fffff,4.0
882da47855fffff,5.0
882da4784bfffff,13.0
882da47849fffff,23.0
882da47847fffff,13.0
882da47843fffff,14.0
882da4783dfffff,14.0
882da4783bfffff,117.0
882da47837fffff,87.0
882da47835fffff,24.0
882da47833fffff,32.0
882da47831fffff,101.0
882da4782bfffff,102.0
882da4781dfffff,29.0
882da4781bfffff,62.0
882da47819fffff,116.0
882da47817fffff,87.0
882da47815fffff,92.0
882da47813fffff,107.0
882da47811fffff,558.0
882da4780dfffff,481.0
882da4780bfffff,38.0
882da47809fffff,493.0
882da47807fffff,191.0
882da47805fffff,17.0
882da47803fffff,81.0
882da47801fffff,305.0
882da47565fffff,9.0
882da47525fffff,10.0
882da47369fffff,4.0
882da47367fffff,7.0
882da47363fffff,6.0
882da47355fffff,136.0
882da4734dfffff,455.0
882da47349fffff,300.0
882da47345fffff,11.0
882da47343fffff,145.0
882da47341fffff,24.0
882da4733bfffff,1.0
882da47339fffff,8.0
882da4732dfffff,52.0
882da47329fffff,1.0
882da47325fffff,153.0
882da4731dfffff,371.0
882da47317fffff,234.0
882da47315fffff,80.0
882da4730dfffff,1.0
882da4730bfffff,101.0
882da47309fffff,3.0
882da47307fffff,47.0
882da47305fffff,21.0
882da47303fffff,4.0
882da47301fffff,139.0
882da471ebfffff,10.0
882da471e7fffff,17.0
882da471e3fffff,214.0
882da471dbfffff,23.0
882da471d5fffff,2.0
882da471d3fffff,383.0
882da471d1fffff,6.0
882da471cdfffff,11.0
882da471c5fffff,14.0
882da471c1fffff,2.0
882da471b7fffff,2.0
882da471b3fffff,89.0
882da471adfffff,15.0
882da471abfffff,23.0
882da471a9fffff,14.0
882da471a1fffff,9.0
882da47199fffff,8.0
882da47197fffff,2.0
882da4718dfffff,3.0
882da4718bfffff,2.0
882da47189fffff,3.0
882da47185fffff,91.0
882da47167fffff,10.0
882da47165fffff,8.0
882da4715dfffff,99.0
882da47157fffff,184.0
882da47155fffff,17.0
882da47153fffff,41.0
882da47151fffff,133.0
882da4712dfffff,6.0
882da47125fffff,2.0
882da4711dfffff,13.0
882da4711bfffff,3.0
882da47119fffff,3.0
882da47117fffff,8.0
882da47115fffff,52.0
882da47113fffff,7.0
882da47111fffff,1.0
882da470edfffff,49.0
882da470e7fffff,3.0
882da470e3fffff,252.0
882da470e1fffff,112.0
882da470bdfffff,19.0
882da470bbfffff,47.0
882da470b9fffff,163.0
882da470b3fffff,38.0
882da470b1fffff,111.0
882da470adfffff,135.0
882da470abfffff,10.0
882da470a9fffff,87.0
882da47087fffff,123.0
882da47085fffff,227.0
882da4706dfffff,1.0
882da4706bfffff,212.0
882da47069fffff,133.0
882da47063fffff,117.0
882da47061fffff,35.0
882da4703dfffff,26.0
882da4703bfffff,127.0
882da47039fffff,234.0
882da4702bfffff,74.0
882da47021fffff,2.0
882da47007fffff,61.0
882da47005fffff,133.0
882da46f5bfffff,27.0
882da46eedfffff,13.0
882da46eebfffff,33.0
882da46ee9fffff,3.0
882da46ee7fffff,579.0
882da46ee5fffff,6.0
882da46ee3fffff,223.0
882da46ee1fffff,5.0
882da46eddfffff,4.0
882da46edbfffff,436.0
882da46ed9fffff,26.0
882da46ed7fffff,72.0
882da46ed5fffff,15.0
882da46ed3fffff,11.0
882da46ed1fffff,14.0
882da46ecdfffff,17.0
882da46ecbfffff,5.0
882da46ec9fffff,8.0
882da46ec7fffff,1.0
882da46ec3fffff,5.0
882da46eb9fffff,8.0
882da46ea9fffff,27.0
882da46e9dfffff,6.0
882da46e9bfffff,3.0
882da46e99fffff,1.0
882da46e97fffff,1.0
882da46e95fffff,3.0
882da46e93fffff,5.0
882da46e8dfffff,258.0
882da46e8bfffff,325.0
882da46e89fffff,8.0
882da46e87fffff,100.0
882da46e85fffff,22.0
882da46e81fffff,6.0
882da46e6dfffff,212.0
882da46e6bfffff,257.0
882da46e69fffff,128.0
882da46e67fffff,3.0
882da46e65fffff,156.0
882da46e63fffff,6.0
882da46e61fffff,21.0
882da46e5dfffff,96.0
882da46e55fffff,3.0
882da46e53fffff,1.0
882da46e4bfffff,65.0
882da46e47fffff,58.0
882da46e45fffff,3.0
882da46e43fffff,346.0
882da46e41fffff,42.0
882da46e3bfffff,9.0
882da46e39fffff,25.0
882da46e33fffff,7.0
882da46e31fffff,15.0
882da46e1dfffff,397.0
882da46e1bfffff,16.0
882da46e19fffff,11.0
882da46e17fffff,8.0
882da46e15fffff,47.0
882da46e13fffff,7.0
882da46e11fffff,39.0
882da46e0bfffff,66.0
882da46e09fffff,7.0
882da46e07fffff,1.0
882da46e03fffff,26.0
882da46e01fffff,18.0
882da46c5dfffff,1.0
882da46c5bfffff,285.0
882da46c59fffff,41.0
882da46c4dfffff,1.0
882da46c4bfffff,9.0
882da46c41fffff,112.0
882da46b6dfffff,107.0
882da46b6bfffff,504.0
882da46b69fffff,337.0
882da46b67fffff,96.0
882da46b65fffff,70.0
882da46b63fffff,308.0
882da46b61fffff,218.0
882da46b5dfffff,6.0
882da46b5bfffff,631.0
882da46b59fffff,308.0
882da46b57fffff,29.0
882da46b55fffff,17.0
882da46b53fffff,167.0
882da46b51fffff,535.0
882da46b4bfffff,3.0
882da46b49fffff,25.0
882da46b47fffff,806.0
882da46b45fffff,76.0
882da46b43fffff,66.0
882da46b41fffff,49.0
882da46b2dfffff,78.0
882da46b2bfffff,89.0
882da46b29fffff,875.0
882da46b27fffff,710.0
882da46b25fffff,267.0
882da46b23fffff,180.0
882da46b21fffff,619.0
882da46b0dfffff,672.0
882da46b09fffff,131.0
882da46b05fffff,384.0
882da46b01fffff,158.0
882da46a6dfffff,412.0
882da46a6bfffff,98.0
882da46a69fffff,130.0
882da46a67fffff,542.0
882da46a65fffff,763.0
882da46a63fffff,372.0
882da46a61fffff,252.0
882da46a5dfffff,34.0
882da46a59fffff,1.0
882da46a57fffff,229.0
882da46a55fffff,52.0
882da46a53fffff,312.0
882da46a4dfffff,74.0
882da46a4bfffff,346.0
882da46a49fffff,302.0
882da46a47fffff,27.0
882da46a45fffff,9.0
882da46a43fffff,264.0
882da46a41fffff,146.0
882da46a2dfffff,165.0
882da46a29fffff,315.0
882da46a19fffff,123.0
882da46a0dfffff,122.0
882da46a0bfffff,131.0
882da46a09fffff,280.0
882da46a05fffff,360.0
882da46a03fffff,2.0
882da46a01fffff,62.0
882da4696dfffff,839.0
882da46969fffff,757.0
882da46967fffff,492.0
882da46965fffff,581.0
882da46961fffff,581.0
882da4694dfffff,697.0
882da46945fffff,430.0
882da4676bfffff,7.0
882da46769fffff,30.0
882da46763fffff,4.0
882da4673dfffff,5.0
882da46739fffff,1.0
882da46735fffff,11.0
882da46733fffff,3.0
882da46731fffff,1.0
882da4672bfffff,4.0
882da46727fffff,4.0
882da46721fffff,4.0
882da46707fffff,4.0
882da46705fffff,9.0
882da465edfffff,14.0
882da465e9fffff,3.0
882da465e7fffff,476.0
882da465e5fffff,118.0
882da465e3fffff,41.0
882da465e1fffff,32.0
882da465dbfffff,13.0
882da465d9fffff,2.0
882da465d1fffff,17.0
882da465cdfffff,156.0
882da465cbfffff,2.0
882da465c9fffff,1.0
882da465c7fffff,1.0
882da465c5fffff,8.0
882da465c1fffff,11.0
882da465bdfffff,2.0
882da465b9fffff,1.0
882da465b7fffff,2.0
882da465b3fffff,10.0
882da465b1fffff,3.0
882da465adfffff,363.0
882da465abfffff,8.0
882da465a9fffff,34.0
882da465a7fffff,30.0
882da465a5fffff,44.0
882da465a3fffff,3.0
882da465a1fffff,209.0
882da46599fffff,1.0
882da46593fffff,13.0
882da46591fffff,1.0
882da46587fffff,2.0
882da46585fffff,5.0
882da46581fffff,1.0
882da4656bfffff,289.0
882da46569fffff,37.0
882da46567fffff,1.0
882da46565fffff,4.0
882da46563fffff,9.0
882da46561fffff,6.0
882da4655bfffff,8.0
882da46559fffff,2.0
882da46555fffff,3.0
882da4654bfffff,2.0
882da46549fffff,5.0
882da46547fffff,253.0
882da46545fffff,51.0
882da46543fffff,1.0
882da46541fffff,16.0
882da4653dfffff,3.0
882da4653bfffff,9.0
882da46537fffff,4.0
882da46535fffff,5.0
882da46533fffff,22.0
882da46531fffff,5.0
882da4652dfffff,111.0
882da4652bfffff,134.0
882da46529fffff,8.0
882da46527fffff,1.0
882da46523fffff,21.0
882da46521fffff,69.0
882da4651dfffff,5.0
882da4651bfffff,544.0
882da46519fffff,9.0
882da46515fffff,1.0
882da46513fffff,12.0
882da46511fffff,13.0
882da4650dfffff,166.0
882da4650bfffff,30.0
882da46509fffff,19.0
882da46505fffff,3.0
882da46503fffff,2.0
882da46501fffff,8.0
882da464b7fffff,2.0
882da464b5fffff,1.0
882da464adfffff,4.0
882da464a7fffff,4.0
882da464a3fffff,49.0
882da464a1fffff,10.0
882da46467fffff,1.0
882da46465fffff,4.0
882da46437fffff,7.0
882da46435fffff,23.0
882da4642dfffff,2.0
882da46427fffff,90.0
882da46425fffff,11.0
882da46423fffff,2.0
882da4636bfffff,6.0
882da4635dfffff,22.0
882da4635bfffff,5.0
882da46359fffff,49.0
882da46357fffff,22.0
882da46355fffff,280.0
882da46353fffff,4.0
882da46351fffff,3.0
882da46347fffff,9.0
882da46343fffff,37.0
882da46341fffff,1.0
882da46335fffff,3.0
882da46331fffff,7.0
882da4632dfffff,1.0
882da4632bfffff,3.0
882da46323fffff,7.0
882da4631dfffff,9.0
882da4631bfffff,11.0
882da46319fffff,3.0
882da4630bfffff,81.0
882da46309fffff,35.0
882da46307fffff,3.0
882da46305fffff,13.0
882da46301fffff,12.0
882da462ebfffff,14.0
882da462e9fffff,228.0
882da462e1fffff,5.0
882da462cdfffff,41.0
882da462c7fffff,1.0
882da462c5fffff,8.0
882da462c1fffff,4.0
882da462bdfffff,5.0
882da462bbfffff,11.0
882da462b9fffff,8.0
882da462b7fffff,8.0
882da462b5fffff,11.0
882da462b3fffff,6.0
882da462b1fffff,2.0
882da462adfffff,28.0
882da462a7fffff,65.0
882da462a5fffff,19.0
882da462a1fffff,33.0
882da46297fffff,215.0
882da46295fffff,304.0
882da4628bfffff,3.0
882da46289fffff,7.0
882da46283fffff,3.0
882da46269fffff,3.0
882da46265fffff,63.0
882da46263fffff,8.0
882da46259fffff,9.0
882da46253fffff,16.0
882da46237fffff,14.0
882da46235fffff,1.0
882da46233fffff,2.0
882da46225fffff,11.0
882da46205fffff,11.0
882da461edfffff,16.0
882da461ebfffff,12.0
882da461e9fffff,221.0
882da461e3fffff,168.0
882da461e1fffff,144.0
882da461d7fffff,8.0
882da461cdfffff,5.0
882da461cbfffff,171.0
882da461c7fffff,44.0
882da461c5fffff,5.0
882da461c3fffff,61.0
882da461c1fffff,158.0
882da461bbfffff,78.0
882da461b9fffff,109.0
882da461b3fffff,5.0
882da4619dfffff,30.0
882da4619bfffff,19.0
882da46199fffff,4.0
882da46197fffff,51.0
882da46195fffff,261.0
882da46193fffff,28.0
882da46191fffff,11.0
882da4618dfffff,308.0
882da4618bfffff,198.0
882da46189fffff,95.0
882da46183fffff,197.0
882da46181fffff,294.0
882da4616dfffff,18.0
882da4616bfffff,60.0
882da46169fffff,45.0
882da46167fffff,1.0
882da46163fffff,32.0
882da46161fffff,8.0
882da4615bfffff,71.0
882da46157fffff,8.0
882da46155fffff,22.0
882da46153fffff,6.0
882da46151fffff,5.0
882da4614dfffff,4.0
882da46149fffff,3.0
882da46147fffff,26.0
882da46145fffff,27.0
882da46143fffff,7.0
882da46141fffff,7.0
882da4613dfffff,318.0
882da4613bfffff,188.0
882da46139fffff,319.0
882da46135fffff,94.0
882da46133fffff,336.0
882da46131fffff,451.0
882da4612dfffff,85.0
882da4612bfffff,95.0
882da46129fffff,46.0
882da46127fffff,66.0
882da46125fffff,488.0
882da46123fffff,236.0
882da46121fffff,156.0
882da4611dfffff,55.0
882da46119fffff,11.0
882da46117fffff,10.0
882da46115fffff,175.0
882da46111fffff,13.0
882da4610dfffff,179.0
882da4610bfffff,39.0
882da46109fffff,5.0
882da46107fffff,349.0
882da46105fffff,319.0
882da46103fffff,272.0
882da46101fffff,871.0
882da460edfffff,196.0
882da460ebfffff,23.0
882da460e7fffff,40.0
882da460e5fffff,1.0
882da460e3fffff,197.0
882da460e1fffff,202.0
882da460ddfffff,1.0
882da460cbfffff,23.0
882da460c7fffff,1.0
882da460c5fffff,5.0
882da460b9fffff,9.0
882da460abfffff,11.0
882da460a9fffff,16.0
882da460a5fffff,207.0
882da460a1fffff,44.0
882da4609dfffff,10.0
882da46097fffff,191.0
882da46095fffff,79.0
882da46093fffff,8.0
882da46091fffff,32.0
882da4608dfffff,6.0
882da4608bfffff,5.0
882da46087fffff,4.0
882da46085fffff,10.0
882da46081fffff,1.0
882da4606dfffff,2.0
882da4606bfffff,305.0
882da46069fffff,8.0
882da46067fffff,231.0
882da46063fffff,63.0
882da46061fffff,38.0
882da4605bfffff,11.0
882da46059fffff,1.0
882da46055fffff,3.0
882da4604dfffff,7.0
882da46047fffff,42.0
882da4603bfffff,3.0
882da46037fffff,4.0
882da46035fffff,3.0
882da46033fffff,1.0
882da46031fffff,2.0
882da4602dfffff,1.0
882da4602bfffff,1.0
882da46029fffff,1.0
882da46027fffff,11.0
882da4601dfffff,3.0
882da4601bfffff,2.0
882da46017fffff,3.0
882da4600dfffff,51.0
882da4600bfffff,278.0
882da46009fffff,1.0
882da46005fffff,7.0
882da46003fffff,1.0
882da46001fffff,12.0
882da4576dfffff,285.0
882da4576bfffff,294.0
882da45769fffff,38.0
882da45767fffff,938.0
882da45765fffff,444.0
882da45763fffff,1059.0
882da45761fffff,542.0
882da4575dfffff,177.0
882da4575bfffff,19.0
882da45759fffff,229.0
882da45757fffff,18.0
882da45755fffff,55.0
882da45753fffff,133.0
882da45751fffff,60.0
882da4574dfffff,6.0
882da4574bfffff,14.0
882da45749fffff,16.0
882da45747fffff,291.0
882da45745fffff,39.0
882da45743fffff,201.0
882da4573dfffff,499.0
882da45739fffff,149.0
882da45737fffff,3.0
882da45735fffff,188.0
882da45731fffff,187.0
882da4572dfffff,1207.0
882da4572bfffff,43.0
882da45729fffff,771.0
882da45727fffff,796.0
882da45725fffff,1018.0
882da45723fffff,226.0
882da45721fffff,547.0
882da4571bfffff,425.0
882da45719fffff,3.0
882da45717fffff,11.0
882da45715fffff,88.0
882da45713fffff,272.0
882da45711fffff,24.0
882da4570dfffff,465.0
882da4570bfffff,17.0
882da45709fffff,180.0
882da45707fffff,202.0
882da45705fffff,201.0
882da45703fffff,49.0
882da45701fffff,49.0
882da456edfffff,5.0
882da456ebfffff,932.0
882da456e9fffff,330.0
882da456e7fffff,474.0
882da456e5fffff,109.0
882da456e3fffff,960.0
882da456e1fffff,374.0
882da456cdfffff,776.0
882da456c9fffff,891.0
882da456c7fffff,680.0
882da456c5fffff,842.0
882da456c1fffff,996.0
882da456bdfffff,869.0
882da456b9fffff,628.0
882da456b7fffff,790.0
882da456b5fffff,686.0
882da456b3fffff,499.0
882da456b1fffff,787.0
882da456adfffff,1.0
882da456abfffff,478.0
882da456a9fffff,404.0
882da456a7fffff,30.0
882da456a3fffff,428.0
882da456a1fffff,239.0
882da4568dfffff,758.0
882da45689fffff,327.0
882da45687fffff,627.0
882da45685fffff,615.0
882da45681fffff,741.0
882da4566dfffff,109.0
882da4566bfffff,373.0
882da45669fffff,531.0
882da45667fffff,6.0
882da45665fffff,577.0
882da45663fffff,49.0
882da45661fffff,217.0
882da4565dfffff,7.0
882da4565bfffff,181.0
882da45659fffff,9.0
882da45657fffff,84.0
882da45655fffff,20.0
882da45653fffff,400.0
882da45651fffff,13.0
882da4564dfffff,219.0
882da4564bfffff,2.0
882da45649fffff,5.0
882da45647fffff,267.0
882da45645fffff,428.0
882da45643fffff,16.0
882da45641fffff,287.0
882da4563dfffff,16.0
882da4563bfffff,1.0
882da45635fffff,20.0
882da4562dfffff,32.0
882da4562bfffff,43.0
882da45629fffff,121.0
882da45627fffff,882.0
882da45625fffff,145.0
882da45623fffff,413.0
882da45621fffff,322.0
882da4561dfffff,14.0
882da4561bfffff,407.0
882da45619fffff,44.0
882da45617fffff,88.0
882da45615fffff,22.0
882da45613fffff,448.0
882da45611fffff,38.0
882da4560dfffff,99.0
882da4560bfffff,6.0
882da45609fffff,13.0
882da45607fffff,1.0
882da45605fffff,49.0
882da45603fffff,11.0
882da455edfffff,30.0
882da455ebfffff,512.0
882da455e9fffff,164.0
882da455e7fffff,259.0
882da455e5fffff,514.0
882da455e3fffff,47.0
882da455e1fffff,408.0
882da455ddfffff,3.0
882da455dbfffff,57.0
882da455d9fffff,131.0
882da455d5fffff,36.0
882da455d3fffff,21.0
882da455c7fffff,13.0
882da455c5fffff,53.0
882da455bdfffff,124.0
882da455bbfffff,33.0
882da455b9fffff,31.0
882da455b7fffff,609.0
882da455b5fffff,188.0
882da455b3fffff,330.0
882da455b1fffff,278.0
882da455adfffff,255.0
882da455abfffff,346.0
882da455a9fffff,441.0
882da455a7fffff,66.0
882da455a5fffff,5.0
882da455a3fffff,126.0
882da455a1fffff,296.0
882da4559dfffff,1.0
882da4559bfffff,48.0
882da45597fffff,1.0
882da45595fffff,2.0
882da45593fffff,25.0
882da4558dfffff,147.0
882da4558bfffff,1.0
882da45589fffff,3.0
882da45587fffff,15.0
882da45585fffff,81.0
882da4556dfffff,1515.0
882da4556bfffff,1444.0
882da45569fffff,861.0
882da45567fffff,2411.0
882da45565fffff,2295.0
882da45563fffff,2379.0
882da45561fffff,2601.0
882da4555dfffff,92.0
882da4555bfffff,6.0
882da45559fffff,6.0
882da45557fffff,612.0
882da45555fffff,196.0
882da45553fffff,385.0
882da45551fffff,26.0
882da4554dfffff,836.0
882da4554bfffff,1142.0
882da45549fffff,781.0
882da45547fffff,412.0
882da45545fffff,1023.0
882da45543fffff,409.0
882da45541fffff,1182.0
882da4553bfffff,107.0
882da45539fffff,52.0
882da45533fffff,294.0
882da45531fffff,12.0
882da4552dfffff,2358.0
882da4552bfffff,1457.0
882da45529fffff,1905.0
882da4551dfffff,632.0
882da4551bfffff,30.0
882da45519fffff,335.0
882da45517fffff,6.0
882da45515fffff,95.0
882da45513fffff,17.0
882da45511fffff,33.0
882da4550dfffff,2153.0
882da4550bfffff,1021.0
882da45509fffff,821.0
882da45507fffff,239.0
882da45505fffff,1362.0
882da45503fffff,1155.0
882da45501fffff,1336.0
882da454e9fffff,1.0
882da454e5fffff,44.0
882da454e1fffff,1.0
882da454ddfffff,125.0
882da454d9fffff,319.0
882da454d7fffff,28.0
882da454d5fffff,70.0
882da454d3fffff,68.0
882da454d1fffff,65.0
882da454cbfffff,513.0
882da454c9fffff,487.0
882da454c5fffff,1.0
882da454c1fffff,102.0
882da454bdfffff,13.0
882da454b9fffff,9.0
882da454b7fffff,1.0
882da454b5fffff,8.0
882da454b3fffff,12.0
882da454adfffff,4.0
882da454abfffff,6.0
882da454a5fffff,8.0
882da4549dfffff,25.0
882da4549bfffff,183.0
882da45499fffff,26.0
882da45497fffff,17.0
882da45495fffff,2.0
882da45493fffff,68.0
882da45491fffff,227.0
882da4548bfffff,360.0
882da45489fffff,64.0
882da45487fffff,123.0
882da45485fffff,2.0
882da45483fffff,417.0
882da45481fffff,162.0
882da4546bfffff,7.0
882da45469fffff,3.0
882da45465fffff,27.0
882da45461fffff,3.0
882da4545bfffff,2.0
882da45455fffff,9.0
882da4544dfffff,330.0
882da4544bfffff,2.0
882da45449fffff,171.0
882da45447fffff,6.0
882da45445fffff,6.0
882da45443fffff,11.0
882da45441fffff,8.0
882da4543dfffff,10.0
882da4543bfffff,120.0
882da45439fffff,368.0
882da45437fffff,8.0
882da45435fffff,3.0
882da45433fffff,5.0
882da45431fffff,9.0
882da4542dfffff,18.0
882da45425fffff,4.0
882da4541dfffff,136.0
882da45415fffff,144.0
882da45411fffff,28.0
882da4540dfffff,2.0
882da4540bfffff,90.0
882da45409fffff,27.0
882da45407fffff,70.0
882da45403fffff,97.0
882da45401fffff,31.0
882da452ebfffff,2.0
882da452e9fffff,5.0
882da452e3fffff,24.0
882da452e1fffff,2.0
882da452ddfffff,14.0
882da452dbfffff,95.0
882da452d9fffff,1.0
882da452d7fffff,52.0
882da452d5fffff,142.0
882da452d3fffff,95.0
882da452cdfffff,11.0
882da452cbfffff,18.0
882da452c7fffff,38.0
882da452c5fffff,7.0
882da452c3fffff,38.0
882da452bdfffff,62.0
882da452bbfffff,215.0
882da452b9fffff,179.0
882da452b7fffff,6.0
882da452b5fffff,3.0
882da452b3fffff,234.0
882da452b1fffff,25.0
882da452adfffff,41.0
882da452abfffff,448.0
882da452a9fffff,211.0
882da452a7fffff,10.0
882da452a3fffff,514.0
882da452a1fffff,768.0
882da4529dfffff,281.0
882da4529bfffff,126.0
882da45297fffff,315.0
882da45295fffff,499.0
882da45293fffff,86.0
882da45291fffff,279.0
882da4528dfffff,7.0
882da4528bfffff,96.0
882da45289fffff,84.0
882da45287fffff,41.0
882da45285fffff,243.0
882da45281fffff,54.0
882da4521bfffff,7.0
882da45213fffff,7.0
882da450ddfffff,3.0
882da450dbfffff,642.0
882da450d9fffff,70.0
882da450d7fffff,246.0
882da450d5fffff,5.0
882da450d3fffff,257.0
882da450d1fffff,10.0
882da450cdfffff,84.0
882da450cbfffff,60.0
882da450c9fffff,268.0
882da450c7fffff,22.0
882da450c5fffff,5.0
882da450c3fffff,17.0
882da450c1fffff,64.0
882da450bbfffff,2274.0
882da450b9fffff,2618.0
882da450b3fffff,2194.0
882da450b1fffff,2701.0
882da4509dfffff,496.0
882da4509bfffff,691.0
882da45099fffff,1194.0
882da45097fffff,168.0
882da45095fffff,1222.0
882da45093fffff,589.0
882da45091fffff,448.0
882da4508dfffff,68.0
882da4508bfffff,147.0
882da45089fffff,31.0
882da45087fffff,2695.0
882da45085fffff,1457.0
882da45083fffff,1170.0
882da45081fffff,172.0
882da44f5dfffff,4.0
882da44f5bfffff,18.0
882da44f57fffff,407.0
882da44f55fffff,10.0
882da44f53fffff,108.0
882da44f4bfffff,13.0
882da44f47fffff,2.0
882da44f43fffff,1.0
882da44f37fffff,1.0
882da44f35fffff,1.0
882da44f31fffff,14.0
882da44f2bfffff,10.0
882da44f29fffff,3.0
882da44f21fffff,8.0
882da44f1dfffff,147.0
882da44f1bfffff,89.0
882da44f19fffff,185.0
882da44f17fffff,88.0
882da44f15fffff,30.0
882da44f13fffff,326.0
882da44f11fffff,112.0
882da44f0bfffff,13.0
882da44f03fffff,44.0
882da44eebfffff,125.0
882da44ee9fffff,4.0
882da44ee7fffff,151.0
882da44ee3fffff,219.0
882da44ee1fffff,6.0
882da44eddfffff,10.0
882da44ed9fffff,11.0
882da44ed7fffff,134.0
882da44ed5fffff,21.0
882da44ed3fffff,6.0
882da44ed1fffff,5.0
882da44ecdfffff,213.0
882da44ecbfffff,57.0
882da44ec9fffff,357.0
882da44ec7fffff,113.0
882da44ec5fffff,91.0
882da44ec3fffff,21.0
882da44ec1fffff,689.0
882da44ebdfffff,66.0
882da44ebbfffff,2.0
882da44eb7fffff,11.0
882da44eb5fffff,8.0
882da44eb3fffff,14.0
882da44eb1fffff,9.0
882da44eadfffff,438.0
882da44eabfffff,332.0
882da44ea9fffff,158.0
882da44ea7fffff,335.0
882da44ea5fffff,8.0
882da44ea3fffff,390.0
882da44ea1fffff,789.0
882da44e9dfffff,57.0
882da44e99fffff,3.0
882da44e97fffff,3.0
882da44e95fffff,1.0
882da44e8dfffff,304.0
882da44e8bfffff,213.0
882da44e89fffff,29.0
882da44e87fffff,11.0
882da44e85fffff,101.0
882da44e83fffff,11.0
882da44e81fffff,14.0
882da44e6bfffff,351.0
882da44e69fffff,6.0
882da44e67fffff,21.0
882da44e65fffff,55.0
882da44e63fffff,197.0
882da44e61fffff,126.0
882da44e5bfffff,13.0
882da44e57fffff,6.0
882da44e53fffff,78.0
882da44e4dfffff,1.0
882da44e49fffff,7.0
882da44e47fffff,47.0
882da44e45fffff,63.0
882da44e43fffff,45.0
882da44e2dfffff,6.0
882da44e2bfffff,2.0
882da44e29fffff,19.0
882da44e1bfffff,3.0
882da44e0dfffff,453.0
882da44e0bfffff,11.0
882da44e09fffff,149.0
882da44e07fffff,27.0
882da44e05fffff,27.0
882da44e01fffff,112.0
882da44dddfffff,170.0
882da44ddbfffff,11.0
882da44dd9fffff,1.0
882da44dd7fffff,16.0
882da44dd5fffff,19.0
882da44dd3fffff,19.0
882da44dd1fffff,68.0
882da44dc9fffff,1.0
882da44dc7fffff,5.0
882da44dc5fffff,3.0
882da44dc3fffff,3.0
882da44dbdfffff,3.0
882da44dbbfffff,12.0
882da44db9fffff,13.0
882da44db7fffff,15.0
882da44db5fffff,3.0
882da44db3fffff,6.0
882da44db1fffff,2.0
882da44dadfffff,8.0
882da44dabfffff,4.0
882da44da9fffff,74.0
882da44da3fffff,3.0
882da44da1fffff,4.0
882da44d9dfffff,14.0
882da44d9bfffff,38.0
882da44d99fffff,41.0
882da44d97fffff,8.0
882da44d95fffff,4.0
882da44d91fffff,8.0
882da44d8bfffff,4.0
882da44d89fffff,2.0
882da44d87fffff,2.0
882da44d83fffff,38.0
882da44d5dfffff,1.0
882da44d59fffff,1.0
882da44d53fffff,6.0
882da44d51fffff,3.0
882da44d4bfffff,7.0
882da44d43fffff,2.0
882da44d3bfffff,10.0
882da44d1dfffff,1.0
882da44d19fffff,1.0
882da44d03fffff,1.0
882da44cedfffff,711.0
882da44cebfffff,172.0
882da44ce9fffff,572.0
882da44ce7fffff,56.0
882da44ce5fffff,68.0
882da44ce3fffff,58.0
882da44ce1fffff,318.0
882da44cddfffff,14.0
882da44cdbfffff,479.0
882da44cd9fffff,88.0
882da44cd7fffff,21.0
882da44cd5fffff,23.0
882da44cd3fffff,125.0
882da44cd1fffff,169.0
882da44ccdfffff,37.0
882da44cc9fffff,22.0
882da44cc7fffff,55.0
882da44cc5fffff,97.0
882da44cc3fffff,18.0
882da44cc1fffff,7.0
882da44cbdfffff,54.0
882da44cb9fffff,9.0
882da44cb7fffff,14.0
882da44cb5fffff,7.0
882da44cb1fffff,1.0
882da44cadfffff,147.0
882da44cabfffff,117.0
882da44ca9fffff,223.0
882da44ca7fffff,35.0
882da44ca5fffff,159.0
882da44ca3fffff,98.0
882da44ca1fffff,594.0
882da44c9dfffff,4.0
882da44c9bfffff,1.0
882da44c99fffff,16.0
882da44c97fffff,20.0
882da44c93fffff,10.0
882da44c91fffff,1.0
882da44c8dfffff,59.0
882da44c8bfffff,18.0
882da44c89fffff,44.0
882da44c85fffff,33.0
882da44c83fffff,2.0
882da44c81fffff,6.0
882da44c6dfffff,8.0
882da44c6bfffff,103.0
882da44c69fffff,44.0
882da44c63fffff,3.0
882da44c61fffff,8.0
882da44c5bfffff,9.0
882da44c55fffff,3.0
882da44c4dfffff,123.0
882da44c47fffff,427.0
882da44c45fffff,14.0
882da44c43fffff,2.0
882da44c41fffff,2.0
882da44c3dfffff,11.0
882da44c3bfffff,101.0
882da44c33fffff,147.0
882da44c31fffff,22.0
882da44c27fffff,1.0
882da44c23fffff,4.0
882da44c21fffff,1.0
882da44c1dfffff,14.0
882da44c1bfffff,49.0
882da44c19fffff,1.0
882da44c17fffff,386.0
882da44c15fffff,57.0
882da44c13fffff,144.0
882da44c11fffff,59.0
882da44c0dfffff,91.0
882da44c0bfffff,37.0
882da44c09fffff,145.0
882da44c07fffff,2.0
882da44c03fffff,12.0
882da44c01fffff,100.0
882da44a1bfffff,54.0
882da44a11fffff,8.0
882da4476bfffff,341.0
882da44769fffff,25.0
882da44767fffff,11.0
882da44763fffff,103.0
882da44761fffff,41.0
882da4475dfffff,128.0
882da4475bfffff,240.0
882da44759fffff,493.0
882da44757fffff,187.0
882da44755fffff,112.0
882da44753fffff,212.0
882da44751fffff,178.0
882da4474dfffff,5.0
882da4474bfffff,563.0
882da44749fffff,510.0
882da44747fffff,221.0
882da44745fffff,45.0
882da44743fffff,265.0
882da44741fffff,27.0
882da4473dfffff,11.0
882da4473bfffff,147.0
882da44739fffff,405.0
882da44733fffff,23.0
882da44731fffff,7.0
882da4472dfffff,1.0
882da44729fffff,7.0
882da44727fffff,2.0
882da44723fffff,3.0
882da4471dfffff,543.0
882da4471bfffff,27.0
882da44719fffff,213.0
882da44717fffff,399.0
882da44715fffff,365.0
882da44713fffff,213.0
882da44711fffff,139.0
882da4470dfffff,610.0
882da4470bfffff,183.0
882da44709fffff,315.0
882da44707fffff,6.0
882da44705fffff,5.0
882da44703fffff,371.0
882da44701fffff,21.0
882da446edfffff,16.0
882da446ebfffff,1.0
882da446e9fffff,2.0
882da446e7fffff,11.0
882da446e5fffff,5.0
882da446e3fffff,3.0
882da446e1fffff,3.0
882da446ddfffff,19.0
882da446dbfffff,109.0
882da446d7fffff,27.0
882da446d5fffff,340.0
882da446d3fffff,1.0
882da446d1fffff,160.0
882da446c3fffff,9.0
882da446b7fffff,49.0
882da446b3fffff,57.0
882da446adfffff,36.0
882da446abfffff,1.0
882da446a9fffff,57.0
882da446a7fffff,36.0
882da446a5fffff,180.0
882da446a3fffff,1.0
882da446a1fffff,257.0
882da4469bfffff,225.0
882da44699fffff,5.0
882da44697fffff,1.0
882da44693fffff,21.0
882da44691fffff,14.0
882da4468dfffff,5.0
882da4468bfffff,34.0
882da44689fffff,10.0
882da44687fffff,1.0
882da44683fffff,3.0
882da4466dfffff,164.0
882da4466bfffff,231.0
882da44669fffff,3.0
882da44667fffff,235.0
882da44665fffff,786.0
882da44663fffff,33.0
882da44661fffff,232.0
882da44657fffff,6.0
882da4464dfffff,73.0
882da4464bfffff,2.0
882da44649fffff,3.0
882da44647fffff,43.0
882da44645fffff,93.0
882da44641fffff,4.0
882da44639fffff,5.0
882da44637fffff,21.0
882da44633fffff,5.0
882da4462dfffff,150.0
882da44625fffff,31.0
882da44617fffff,9.0
882da44613fffff,5.0
882da4460dfffff,123.0
882da4460bfffff,1.0
882da44605fffff,43.0
882da44601fffff,20.0
882da445edfffff,5.0
882da445ebfffff,97.0
882da445e9fffff,15.0
882da445e5fffff,5.0
882da445e1fffff,34.0
882da445ddfffff,21.0
882da445d9fffff,24.0
882da445d5fffff,3.0
882da445d3fffff,36.0
882da445cdfffff,14.0
882da445cbfffff,116.0
882da445c9fffff,71.0
882da445c7fffff,210.0
882da445c3fffff,488.0
882da445c1fffff,117.0
882da445bdfffff,2.0
882da445adfffff,164.0
882da445abfffff,1.0
882da445a9fffff,79.0
882da445a5fffff,14.0
882da445a1fffff,29.0
882da4459bfffff,114.0
882da44599fffff,26.0
882da44591fffff,7.0
882da4458dfffff,11.0
882da44589fffff,98.0
882da4456bfffff,160.0
882da44569fffff,245.0
882da44567fffff,19.0
882da44565fffff,16.0
882da44561fffff,42.0
882da4455bfffff,8.0
882da44559fffff,16.0
882da44557fffff,6.0
882da44551fffff,3.0
882da44547fffff,40.0
882da44545fffff,234.0
882da4453dfffff,11.0
882da4453bfffff,11.0
882da44539fffff,1.0
882da44537fffff,17.0
882da44535fffff,16.0
882da44531fffff,10.0
882da4452dfffff,404.0
882da4452bfffff,11.0
882da44527fffff,147.0
882da44525fffff,172.0
882da44523fffff,42.0
882da44521fffff,553.0
882da4451bfffff,222.0
882da44519fffff,143.0
882da44517fffff,110.0
882da44515fffff,16.0
882da44513fffff,85.0
882da44511fffff,386.0
882da4450dfffff,11.0
882da44507fffff,5.0
882da44501fffff,3.0
882da444edfffff,598.0
882da444ebfffff,19.0
882da444e9fffff,12.0
882da444e7fffff,24.0
882da444e5fffff,21.0
882da444e3fffff,1.0
882da444e1fffff,8.0
882da444ddfffff,59.0
882da444d9fffff,22.0
882da444d5fffff,8.0
882da444d3fffff,30.0
882da444c7fffff,9.0
882da444c3fffff,5.0
882da444bdfffff,11.0
882da444bbfffff,3.0
882da444b9fffff,1.0
882da444b7fffff,3.0
882da444b5fffff,493.0
882da444b3fffff,2.0
882da444b1fffff,46.0
882da444adfffff,16.0
882da444abfffff,16.0
882da444a9fffff,11.0
882da444a7fffff,13.0
882da444a5fffff,233.0
882da444a3fffff,37.0
882da444a1fffff,47.0
882da44499fffff,3.0
882da44497fffff,5.0
882da44495fffff,2.0
882da44491fffff,1.0
882da4446dfffff,2.0
882da4446bfffff,419.0
882da44469fffff,54.0
882da44467fffff,155.0
882da44465fffff,14.0
882da44463fffff,272.0
882da44461fffff,121.0
882da4445dfffff,266.0
882da4445bfffff,5.0
882da44459fffff,6.0
882da44451fffff,11.0
882da4444dfffff,16.0
882da4444bfffff,9.0
882da44449fffff,5.0
882da44447fffff,96.0
882da44445fffff,97.0
882da44443fffff,120.0
882da4443dfffff,17.0
882da4443bfffff,155.0
882da44439fffff,14.0
882da44437fffff,130.0
882da44435fffff,1.0
882da44433fffff,445.0
882da44431fffff,213.0
882da4442dfffff,2.0
882da4442bfffff,28.0
882da44429fffff,43.0
882da44427fffff,1.0
882da44425fffff,47.0
882da4441bfffff,63.0
882da44417fffff,207.0
882da44415fffff,5.0
882da44413fffff,2.0
882da44411fffff,26.0
882da4440dfffff,203.0
882da44409fffff,8.0
882da44407fffff,36.0
882da44405fffff,65.0
882da44403fffff,1.0
882da44401fffff,9.0
882da442e3fffff,14.0
882da442ddfffff,284.0
882da442dbfffff,323.0
882da442d9fffff,508.0
882da442d7fffff,58.0
882da442d5fffff,232.0
882da442d3fffff,87.0
882da442d1fffff,216.0
882da442bdfffff,123.0
882da442b9fffff,39.0
882da442b7fffff,1.0
882da442b5fffff,5.0
882da442b3fffff,10.0
882da442b1fffff,7.0
882da442abfffff,70.0
882da442a7fffff,4.0
882da4429dfffff,10.0
882da44299fffff,12.0
882da44293fffff,43.0
882da44291fffff,17.0
882da4428dfffff,31.0
882da4428bfffff,130.0
882da44287fffff,63.0
882da44285fffff,57.0
882da44283fffff,87.0
882da44281fffff,116.0
882da4425bfffff,2411.0
882da441edfffff,2.0
882da441ebfffff,24.0
882da441e9fffff,26.0
882da441e7fffff,22.0
882da441e1fffff,4.0
882da441ddfffff,40.0
882da441d1fffff,4.0
882da441cdfffff,16.0
882da441cbfffff,9.0
882da441c9fffff,2.0
882da441c7fffff,1.0
882da441c5fffff,21.0
882da441c3fffff,24.0
882da441c1fffff,1.0
882da441bdfffff,33.0
882da441b9fffff,1.0
882da441b5fffff,6.0
882da441b1fffff,4.0
882da441adfffff,203.0
882da441abfffff,17.0
882da441a9fffff,73.0
882da441a7fffff,739.0
882da441a3fffff,144.0
882da441a1fffff,227.0
882da4419bfffff,1.0
882da44193fffff,11.0
882da4418dfffff,3.0
882da44189fffff,13.0
882da44187fffff,1.0
882da44185fffff,2.0
882da44181fffff,19.0
882da4413bfffff,11.0
882da44135fffff,5.0
882da44131fffff,2.0
882da44127fffff,8.0
882da44123fffff,2.0
882da44117fffff,3.0
882da44113fffff,6.0
882da440ebfffff,2.0
882da440e9fffff,2.0
882da440e7fffff,35.0
882da440e3fffff,14.0
882da440ddfffff,45.0
882da440dbfffff,11.0
882da440d9fffff,12.0
882da440d7fffff,3.0
882da440d5fffff,152.0
882da440d3fffff,10.0
882da440d1fffff,26.0
882da440cbfffff,13.0
882da440c7fffff,30.0
882da440c5fffff,2.0
882da440c3fffff,9.0
882da440c1fffff,2.0
882da440bdfffff,8.0
882da440bbfffff,3.0
882da440b9fffff,84.0
882da440b7fffff,1.0
882da440adfffff,17.0
882da440abfffff,51.0
882da440a9fffff,201.0
882da440a5fffff,11.0
882da440a3fffff,3.0
882da440a1fffff,13.0
882da4409dfffff,15.0
882da4409bfffff,1.0
882da44099fffff,8.0
882da44097fffff,13.0
882da44093fffff,223.0
882da44091fffff,90.0
882da4408dfffff,60.0
882da4408bfffff,81.0
882da44089fffff,66.0
882da44087fffff,16.0
882da44085fffff,101.0
882da44083fffff,12.0
882da44081fffff,133.0
882da44053fffff,3.0
882da4403bfffff,1.0
882da44039fffff,2.0
882da44017fffff,1.0
882da44015fffff,2.0
882da44013fffff,1.0
882da4196dfffff,719.0
882da41969fffff,906.0
882da41967fffff,539.0
882da41965fffff,420.0
882da41961fffff,1057.0
882da4192dfffff,722.0
882da41929fffff,626.0
882da41927fffff,1035.0
882da41925fffff,671.0
882da41921fffff,1095.0
882da409e5fffff,292.0
882da409adfffff,134.0
882da409a7fffff,646.0
882da409a5fffff,103.0
882da409a1fffff,208.0
882da4096dfffff,63.0
882da4096bfffff,38.0
882da40969fffff,41.0
882da40963fffff,34.0
882da40961fffff,4.0
882da40947fffff,19.0
882da40945fffff,371.0
882da4093dfffff,94.0
882da4093bfffff,413.0
882da40939fffff,36.0
882da40937fffff,8.0
882da40935fffff,2.0
882da40933fffff,139.0
882da40931fffff,279.0
882da4092bfffff,68.0
882da40929fffff,8.0
882da40923fffff,2.0
882da4090dfffff,57.0
882da40907fffff,74.0
882da40905fffff,93.0
882da40901fffff,13.0
882da0bb5dfffff,9.0
882da0bb59fffff,8.0
882da0bb55fffff,14.0
882da0bb51fffff,7.0
882da0bb4dfffff,3.0
882da0bb49fffff,1.0
882da0bb45fffff,16.0
882da0bb43fffff,13.0
882da0bb09fffff,38.0
882da09b6bfffff,38.0
882da09b69fffff,9.0
882da09b5bfffff,13.0
882da09b57fffff,8.0
882da09b55fffff,226.0
882da09b53fffff,3.0
882da09b51fffff,38.0
882da09b4bfffff,3.0
882da09b49fffff,10.0
882da09b47fffff,98.0
882da09b45fffff,19.0
882da09b43fffff,112.0
882da09b1dfffff,13.0
882da09b1bfffff,4.0
882da09b13fffff,15.0
882da09b0dfffff,43.0
882da09b0bfffff,28.0
882da09b09fffff,378.0
882da09b03fffff,1.0
882da09b01fffff,1.0
882da09aedfffff,3.0
882da09ae9fffff,45.0
882da09ae5fffff,120.0
882da09addfffff,535.0
882da09adbfffff,94.0
882da09ad9fffff,111.0
882da09ad7fffff,223.0
882da09ad5fffff,322.0
882da09ad3fffff,293.0
882da09ad1fffff,750.0
882da09acdfffff,60.0
882da09acbfffff,131.0
882da09ac9fffff,4.0
882da09ac7fffff,23.0
882da09ac5fffff,51.0
882da09ac3fffff,182.0
882da09ac1fffff,48.0
882da09aadfffff,45.0
882da09aa7fffff,178.0
882da09aa5fffff,8.0
882da09aa1fffff,160.0
882da09a9dfffff,6.0
882da09a9bfffff,419.0
882da09a99fffff,302.0
882da09a97fffff,6.0
882da09a93fffff,89.0
882da09a91fffff,188.0
882da09a8dfffff,26.0
882da09a8bfffff,8.0
882da09a89fffff,65.0
882da09a83fffff,13.0
882da09a81fffff,125.0
882da09a6bfffff,1.0
882da09a67fffff,5.0
882da09a65fffff,8.0
882da09a63fffff,206.0
882da09a61fffff,22.0
882da09a5dfffff,1.0
882da09a57fffff,2.0
882da09a4dfffff,111.0
882da09a49fffff,1.0
882da09a47fffff,4.0
882da09a45fffff,138.0
882da09a41fffff,5.0
882da09a3dfffff,88.0
882da09a3bfffff,7.0
882da09a39fffff,15.0
882da09a37fffff,7.0
882da09a35fffff,11.0
882da09a33fffff,107.0
882da09a31fffff,365.0
882da09a2dfffff,5.0
882da09a2bfffff,321.0
882da09a29fffff,162.0
882da09a27fffff,19.0
882da09a25fffff,8.0
882da09a23fffff,15.0
882da09a21fffff,26.0
882da09a1dfffff,109.0
882da09a1bfffff,211.0
882da09a19fffff,1.0
882da09a17fffff,247.0
882da09a15fffff,85.0
882da09a13fffff,427.0
882da09a11fffff,245.0
882da09a0dfffff,2.0
882da09a0bfffff,80.0
882da09a09fffff,2.0
882da09a07fffff,166.0
882da09a05fffff,449.0
882da09a03fffff,20.0
882da09a01fffff,10.0
882da098ebfffff,1.0
882da098e9fffff,3.0
882da098ddfffff,13.0
882da098dbfffff,1.0
882da098d3fffff,113.0
882da098cdfffff,2.0
882da098c9fffff,3.0
882da098c7fffff,6.0
882da098c5fffff,4.0
882da0989bfffff,9.0
882da09899fffff,142.0
882da09897fffff,5.0
882da09893fffff,3.0
882da09883fffff,3.0
882da09869fffff,10.0
882da0985dfffff,13.0
882da0985bfffff,144.0
882da09859fffff,352.0
882da09857fffff,11.0
882da09855fffff,2.0
882da09853fffff,1.0
882da09851fffff,11.0
882da0984dfffff,5.0
882da0984bfffff,14.0
882da09843fffff,19.0
882da0981dfffff,210.0
882da0981bfffff,7.0
882da09819fffff,31.0
882da09815fffff,18.0
882da09811fffff,6.0
882da0980bfffff,17.0
882da09803fffff,5.0
882da09801fffff,2.0
882da091e7fffff,97.0
882da091e5fffff,21.0
882da091adfffff,163.0
882da091a7fffff,238.0
882da091a5fffff,169.0
882da091a3fffff,6.0
882da091a1fffff,33.0
882da09137fffff,122.0
882da09133fffff,36.0
882da09127fffff,3.0
882da09125fffff,2.0
882da09123fffff,1.0
882da09121fffff,1.0
882da08eddfffff,2.0
882da08edbfffff,5.0
882da08ed9fffff,1.0
882da08ed3fffff,8.0
882da08ed1fffff,6.0
882da08ecbfffff,7.0
882da08ec9fffff,1.0
882da08e9bfffff,17.0
882da08e99fffff,3.0
882da08e93fffff,5.0
882da08e5dfffff,19.0
882da08e51fffff,3.0
882da08e4dfffff,36.0
882da08e4bfffff,15.0
882da08e49fffff,4.0
882da085adfffff,32.0
882da085abfffff,3.0
882da085a9fffff,3.0
882da085a5fffff,32.0
882da085a1fffff,8.0
882da0856dfffff,6.0
882da08563fffff,11.0
882da0853dfffff,1.0
882da08535fffff,11.0
882da08533fffff,3.0
882da08531fffff,5.0
882da0852dfffff,1.0
882da08527fffff,5.0
882da08525fffff,14.0
882da08523fffff,3.0
882da08521fffff,1.0
882da08505fffff,3.0
882da0836bfffff,5.0
882da08369fffff,1.0
882da08367fffff,5.0
882da08363fffff,2.0
882da0835dfffff,30.0
882da08357fffff,36.0
882da08355fffff,10.0
882da0834dfffff,197.0
882da0834bfffff,47.0
882da08349fffff,49.0
882da08347fffff,6.0
882da08343fffff,5.0
882da08341fffff,3.0
882da0833dfffff,16.0
882da0833bfffff,1.0
882da0832dfffff,11.0
882da0832bfffff,31.0
882da08329fffff,10.0
882da08327fffff,1.0
882da08325fffff,36.0
882da08323fffff,13.0
882da0831dfffff,16.0
882da0831bfffff,3.0
882da08319fffff,44.0
882da08317fffff,2.0
882da08315fffff,1.0
882da08313fffff,58.0
882da08311fffff,9.0
882da0830bfffff,16.0
882da08309fffff,3.0
882da08305fffff,1.0
882da081ddfffff,1.0
882da081dbfffff,49.0
882da081d7fffff,3.0
882da081d3fffff,11.0
882da081d1fffff,2.0
882da081cbfffff,1.0
882da081c7fffff,8.0
882da081c3fffff,6.0
882da081c1fffff,1.0
882da0819dfffff,1.0
882da0819bfffff,10.0
882da0818dfffff,3.0
882da0816bfffff,2.0
882da08169fffff,3.0
882da0815bfffff,4.0
882da08157fffff,6.0
882da08155fffff,1.0
882da08153fffff,1.0
882da08151fffff,2.0
882da0814dfffff,90.0
882da0814bfffff,1.0
882da08149fffff,33.0
882da08147fffff,22.0
882da08145fffff,40.0
882da08143fffff,16.0
882da08141fffff,471.0
882da0811dfffff,20.0
882da0811bfffff,3.0
882da08119fffff,3.0
882da08111fffff,3.0
882da0810dfffff,10.0
882da0810bfffff,17.0
882da08109fffff,11.0
882da08103fffff,8.0
882da08101fffff,5.0
882da080edfffff,166.0
882da080ebfffff,259.0
882da080e9fffff,16.0
882da080e7fffff,455.0
882da080e5fffff,366.0
882da080e3fffff,642.0
882da080e1fffff,430.0
882da080c5fffff,28.0
882da080bdfffff,17.0
882da080b9fffff,1.0
882da080b5fffff,6.0
882da080adfffff,51.0
882da080abfffff,1.0
882da080a9fffff,106.0
882da080a7fffff,2.0
882da080a5fffff,6.0
882da080a1fffff,8.0
882da08097fffff,1.0
882da0808dfffff,298.0
882da08087fffff,9.0
882da08085fffff,199.0
882da08081fffff,4.0
882da0806bfffff,1.0
882da08069fffff,2.0
882da08045fffff,10.0
882da08033fffff,38.0
882da08017fffff,30.0
882da08013fffff,5.0
882da08011fffff,6.0
882da08003fffff,29.0
